put_call,symbol,description,exchange_name,bid,ask,last,mark,bid_size,ask_size,bid_ask_size,last_size,high_price,low_price,open_price,close_price,total_volume,trade_time_in_long,quote_time_in_long,net_change,volatility,delta,gamma,theta,vega,rho,open_interest,time_value,theoretical_option_value,theoretical_volatility,strike_price,expiration_date,days_to_expiration,expiration_type,last_trading_day,multiplier,settlement_type,deliverable_note,percent_change,mark_change,mark_percent_change,intrinsic_value,extrinsic_value,option_root,exercise_type,high_52_week,low_52_week,penny_pilot,non_standard,in_the_money,mini,c_breakeven_price,c_net_investment,m_equity_required,c_pts_downside_protection,c_profit_if_exercised,c_profit_if_unchanged,m_net_investment,m_debit_balance,c_downside_protection,c_return_if_exercised,c_return_if_unchanged,m_interest_changes,m_profit_if_unchanged,c_annualized_return_if_unchanged,m_profit_if_exercised,m_return_if_unchanged,m_breakeven_price,m_return_if_exercised,m_pts_downside_protection,m_annualized_return_if_unchanged,m_downside_protection
PUT,AAPL  250530P00197500,AAPL 05/30/2025 197.50 P,OPR,0.0,0.01,0.01,0.01,0,8,0X8,1,1.22,0.01,0,0.54,52063,1748635155529,1748635199493,-0.53,47.551,-0.01,0.019,-0.005,0.001,0.0,7390,0.01,0.005,29,197.5,2025-05-30T20:00:00.000+00:00,0,W,1748649600000,100,P,100 AAPL,-99.07,-0.53,-99.07,-3.35,3.36,AAPL,A,6.0,0.01,true,false,false,false,200.0,20000.65,20.0,-200.0,-250.65000000000146,-0.6500000000014552,20.65,180.0,-1.0,-0.012532092706987095,-0.000032498943784399766,0.0,-21.300000000001454,-inf,-250.65000000000146,-1.031476997578763,2.0065,-12.138014527845108,197.9935,-inf,0.9899675000000001
PUT,AAPL  250530P00200000,AAPL 05/30/2025 200.00 P,OPR,0.0,0.02,0.01,0.01,0,2,0X2,1,3.2,0.01,0,1.38,20778,1748635198159,1748635199834,-1.37,16.278,-0.049,0.207,-0.01,0.003,0.0,11589,0.01,0.01,29,200.0,2025-05-30T20:00:00.000+00:00,0,W,1748649600000,100,P,100 AAPL,-99.28,-1.37,-99.28,-0.85,0.86,AAPL,A,22.6,0.01,true,false,false,false,200.0,20000.65,20.0,-200.0,-0.6500000000014552,-0.6500000000014552,20.65,180.0,-1.0,-0.000032498943784399766,-0.000032498943784399766,0.0,-21.300000000001454,-inf,-0.6500000000014552,-1.031476997578763,2.0065,-0.03147699757876297,197.9935,-inf,0.9899675000000001
PUT,AAPL  250530P00202500,AAPL 05/30/2025 202.50 P,OPR,1.51,2.5,1.83,2.01,15,5,15X5,2,5.7,0.61,0,2.97,3262,1748635198014,1748635199972,-1.14,31.516,-0.96,0.089,-0.053,0.003,0.0,3126,0.18,1.703,29,202.5,2025-05-30T20:00:00.000+00:00,0,W,1748649600000,100,P,100 AAPL,-38.44,-0.96,-32.4,1.65,0.18,AAPL,A,9.73,0.61,true,false,true,false,198.49,19849.65,20.0,-196.98000000000002,400.34999999999854,150.34999999999854,-130.35,180.0,-0.9849000000000001,0.020169121369898135,0.007574440859158652,0.0,280.69999999999857,inf,400.34999999999854,-2.153433064825459,0.49650000000000005,-3.0713463751438326,199.5035,-inf,0.9975175000000001
PUT,AAPL  250530P00205000,AAPL 05/30/2025 205.00 P,OPR,3.3,5.05,3.55,4.18,111,10,111X10,2,8.1,3.08,0,5.15,1885,1748635139075,1748635199995,-1.6,57.289,-0.991,0.013,-0.042,0.001,0.0,5942,-0.6,4.192,29,205.0,2025-05-30T20:00:00.000+00:00,0,W,1748649600000,100,P,100 AAPL,-31.04,-0.98,-19.01,4.15,-0.6,AAPL,A,22.9,1.59,true,false,true,false,196.7,19670.65,20.0,-193.39999999999998,829.3499999999985,329.34999999999854,-309.35,180.0,-0.9669999999999999,0.04216179943214884,0.016743218958193987,0.0,638.6999999999986,inf,829.3499999999985,-2.064651689025371,-1.2935000000000003,-2.680943914659766,201.2935,-inf,1.0064675
PUT,AAPL  250530P00207500,AAPL 05/30/2025 207.50 P,OPR,5.95,7.9,5.7,6.93,102,102,102X102,1,10.25,5.7,0,7.59,256,1748635037267,1748635199508,-1.89,86.063,-0.994,0.006,-0.042,0.001,0.0,404,-0.95,6.692,29,207.5,2025-05-30T20:00:00.000+00:00,0,W,1748649600000,100,P,100 AAPL,-24.91,-0.66,-8.74,6.65,-0.95,AAPL,A,14.0,2.21,true,false,true,false,194.05,19405.65,20.0,-188.10000000000002,1344.3499999999985,594.3499999999985,-574.35,180.0,-0.9405000000000001,0.0692762159474173,0.03062767802160703,0.0,1168.6999999999985,inf,1344.3499999999985,-2.0348219726647487,-3.9435000000000002,-2.3406459475929284,203.9435,-inf,1.0197175
PUT,AAPL  250606P00197500,AAPL 06/06/2025 197.50 P,OPR,1.86,1.92,1.86,1.89,6,9,6X9,1,3.7,1.48,0,2.38,11001,1748635198969,1748635199932,-0.51,29.869,-0.335,0.044,-0.221,0.102,-0.013,2158,1.86,1.89,29,197.5,2025-06-06T20:00:00.000+00:00,7,W,1749254400000,100,P,100 AAPL,-21.47,-0.48,-20.42,-3.35,5.21,AAPL,A,7.06,1.27,true,false,false,false,198.14,19814.65,20.0,-196.27999999999997,-64.65000000000146,185.34999999999854,-165.35,180.0,-0.9813999999999999,-0.003262737419030942,0.009354189955411705,0.35000000000000003,350.69999999999857,0.4877541905321818,-65.00000000000145,-2.120955548835794,0.15000000000000005,0.393105533716368,199.85,-110.59268218929499,0.99925
PUT,AAPL  250606P00200000,AAPL 06/06/2025 200.00 P,OPR,2.77,2.85,2.8,2.81,6,8,6X8,1,5.1,2.24,0,3.4,11937,1748635198573,1748635199900,-0.6,28.972,-0.449,0.049,-0.234,0.111,-0.018,5942,2.8,2.81,29,200.0,2025-06-06T20:00:00.000+00:00,7,W,1749254400000,100,P,100 AAPL,-17.65,-0.59,-17.35,-0.85,3.65,AAPL,A,11.0,1.41,true,false,false,false,197.23,19723.65,20.0,-194.45999999999998,276.34999999999854,276.34999999999854,-256.35,180.0,-0.9722999999999999,0.014011098351471383,0.014011098351471383,0.35000000000000003,532.6999999999986,0.7305786997552935,275.9999999999985,-2.0780183343085565,-0.7600000000000002,-1.076653013458157,200.76,-108.35381314608902,1.0038
PUT,AAPL  250606P00202500,AAPL 06/06/2025 202.50 P,OPR,3.95,4.1,3.85,4.03,14,8,14X8,1,6.78,3.3,0,4.73,1513,1748635177499,1748635200726,-0.88,28.046,-0.574,0.05,-0.223,0.11,-0.022,1725,2.2,4.025,29,202.5,2025-06-06T20:00:00.000+00:00,7,W,1749254400000,100,P,100 AAPL,-18.6,-0.71,-14.95,1.65,2.2,AAPL,A,10.65,2.34,true,false,true,false,196.05,19605.65,20.0,-192.10000000000002,644.3499999999985,394.34999999999854,-374.35,180.0,-0.9605000000000001,0.03286552600908404,0.020114099762058312,0.35000000000000003,768.6999999999986,1.0488066304501833,643.9999999999985,-2.0534259382930373,-1.9400000000000004,-1.720315213035925,201.94,-107.07149535385123,1.0097
PUT,AAPL  250606P00205000,AAPL 06/06/2025 205.00 P,OPR,5.5,5.7,5.17,5.6,11,7,11X7,6,8.6,4.75,0,6.35,1194,1748635164492,1748635199751,-1.18,27.397,-0.696,0.045,-0.192,0.098,-0.026,5237,1.02,5.583,29,205.0,2025-06-06T20:00:00.000+00:00,7,W,1749254400000,100,P,100 AAPL,-18.59,-0.75,-11.76,4.15,1.02,AAPL,A,14.2,2.4,true,false,true,false,194.5,19450.65,20.0,-189.0,1049.3499999999985,549.3499999999985,-529.35,180.0,-0.9450000000000001,0.05394935387763383,0.028243272075740324,0.35000000000000003,1078.6999999999985,1.472684901092174,1048.9999999999986,-2.03778218569944,-3.49,-1.9816756399357676,203.49,-106.25578539718506,1.01745
PUT,AAPL  250606P00207500,AAPL 06/06/2025 207.50 P,OPR,7.25,7.7,6.63,7.48,183,103,183X103,1,11.0,6.63,0,8.26,136,1748635105820,1748635199987,-1.63,27.107,-0.799,0.036,-0.149,0.078,-0.027,4364,-0.02,7.46,29,207.5,2025-06-06T20:00:00.000+00:00,7,W,1749254400000,100,P,100 AAPL,-19.72,-0.79,-9.55,6.65,-0.02,AAPL,A,13.12,3.8,true,false,true,false,192.75,19275.65,20.0,-185.5,1474.3499999999985,724.3499999999985,-704.35,180.0,-0.9275,0.07648769302202511,0.03757849929833746,0.35000000000000003,1428.6999999999985,1.9594503205561675,1473.9999999999986,-2.0283949740895837,-5.24,-2.092709590402497,205.24,-105.76630936324258,1.0262
PUT,AAPL  250613P00197500,AAPL 06/13/2025 197.50 P,OPR,3.45,3.6,3.45,3.53,29,25,29X25,1,5.35,3.05,0,3.98,1754,1748635184708,1748635200718,-0.52,32.598,-0.38,0.03,-0.172,0.15,-0.03,618,3.45,3.525,29,197.5,2025-06-13T20:00:00.000+00:00,14,W,1749859200000,100,P,100 AAPL,-13.08,-0.45,-11.32,-3.35,6.8,AAPL,A,5.55,2.81,true,false,false,false,196.55,19655.65,20.0,-193.10000000000002,94.34999999999854,344.34999999999854,-324.35,180.0,-0.9655000000000001,0.004800146522755469,0.017519135719246046,0.7000000000000001,668.6999999999986,0.4567488955374862,93.64999999999854,-2.0616617851086745,-1.4365000000000003,-0.2887313087713844,201.4365,-53.75046796890473,1.0071825
PUT,AAPL  250613P00200000,AAPL 06/13/2025 200.00 P,OPR,4.45,4.6,4.45,4.53,15,25,15X25,1,6.56,3.95,0,5.0,748,1748635184710,1748635200721,-0.55,31.913,-0.456,0.032,-0.175,0.156,-0.036,2480,4.45,4.525,29,200.0,2025-06-13T20:00:00.000+00:00,14,W,1749859200000,100,P,100 AAPL,-11.0,-0.47,-9.5,-0.85,5.3,AAPL,A,11.35,2.09,true,false,false,false,195.55,19555.65,20.0,-191.10000000000002,444.34999999999854,444.34999999999854,-424.35,180.0,-0.9555000000000001,0.022722333443275906,0.022722333443275906,0.7000000000000001,868.6999999999986,0.5924036933425504,443.64999999999856,-2.0471309060916663,-2.4365000000000006,-1.0454813243784578,202.4365,-53.37162719453273,1.0121825
PUT,AAPL  250613P00202500,AAPL 06/13/2025 202.50 P,OPR,5.65,5.8,5.6,5.73,8,6,8X6,2,7.96,5.05,0,6.27,393,1748635183173,1748635200727,-0.67,31.474,-0.536,0.032,-0.172,0.157,-0.041,214,3.95,5.757,29,202.5,2025-06-13T20:00:00.000+00:00,14,W,1749859200000,100,P,100 AAPL,-10.69,-0.54,-8.62,1.65,3.95,AAPL,A,8.1,4.75,true,false,true,false,194.35,19435.65,20.0,-188.7,814.3499999999985,564.3499999999985,-544.35,180.0,-0.9435,0.0418998078273687,0.02903684723690736,0.7000000000000001,1108.6999999999985,0.7570320886765133,813.6499999999985,-2.036741067328003,-3.6365000000000003,-1.4947184715715964,203.6365,-53.10074925533722,1.0181825
PUT,AAPL  250613P00205000,AAPL 06/13/2025 205.00 P,OPR,6.9,7.25,7.05,7.08,34,2,34X2,1,9.73,6.5,0,7.72,147,1748635184707,1748635199966,-0.67,30.982,-0.616,0.031,-0.162,0.15,-0.046,3856,2.9,7.181,29,205.0,2025-06-13T20:00:00.000+00:00,14,W,1749859200000,100,P,100 AAPL,-8.67,-0.65,-8.4,4.15,2.9,AAPL,A,15.0,3.15,true,false,true,false,193.1,19310.65,20.0,-186.2,1189.3499999999985,689.3499999999985,-669.35,180.0,-0.9309999999999999,0.061590365937966796,0.03569791798826029,0.7000000000000001,1358.6999999999985,0.9306957189796432,1188.6499999999985,-2.0298797340703643,-4.886500000000001,-1.775827295137071,204.8865,-52.92186449540593,1.0244325
PUT,AAPL  250613P00207500,AAPL 06/13/2025 207.50 P,OPR,8.35,8.95,8.41,8.65,112,79,112X79,62,11.45,8.0,0,9.43,185,1748635160212,1748635199901,-1.02,30.666,-0.692,0.029,-0.146,0.138,-0.05,112,1.76,8.825,29,207.5,2025-06-13T20:00:00.000+00:00,14,W,1749859200000,100,P,100 AAPL,-10.82,-0.78,-8.23,6.65,1.76,AAPL,A,11.45,7.7,true,false,true,false,191.65,19165.65,20.0,-183.3,1584.3499999999985,834.3499999999985,-814.35,180.0,-0.9165000000000001,0.08266612402918755,0.04353361352210849,0.7000000000000001,1648.6999999999985,1.1349834953978284,1583.6499999999985,-2.0245594646036698,-6.3365,-1.9446798059802277,206.3365,-52.78315747002425,1.0316825
PUT,AAPL  250620P00197500,AAPL 06/20/2025 197.50 P,OPR,4.25,4.4,3.75,4.33,1,95,1X95,1,6.1,3.75,0,4.68,785,1748635097336,1748635199992,-0.92,31.396,-0.389,0.025,-0.133,0.185,-0.046,2893,3.75,4.325,29,197.5,2025-06-20T20:00:00.000+00:00,21,S,1750464000000,100,P,100 AAPL,-19.68,-0.35,-7.49,-3.35,7.1,AAPL,A,9.35,2.6,true,false,false,false,195.75,19575.65,20.0,-191.5,174.34999999999854,424.34999999999854,-404.35,180.0,-0.9575,0.008906473092847417,0.021677441106680927,1.05,828.6999999999986,0.3767745716161209,173.29999999999853,-2.049462099666127,-2.233,-0.42858909360701997,202.233,-35.621603160863636,1.011165
PUT,AAPL  250620P00200000,AAPL 06/20/2025 200.00 P,OPR,5.2,5.35,5.24,5.28,15,3,15X3,1,7.5,4.72,0,5.75,2207,1748635195537,1748635199958,-0.51,30.474,-0.454,0.027,-0.132,0.191,-0.053,43945,5.24,5.275,29,200.0,2025-06-20T20:00:00.000+00:00,21,S,1750464000000,100,P,100 AAPL,-8.87,-0.47,-8.26,-0.85,6.09,AAPL,A,36.34,1.53,true,false,false,false,194.8,19480.65,20.0,-189.60000000000002,519.3499999999985,519.3499999999985,-499.35,180.0,-0.9480000000000002,0.02665978804608668,0.02665978804608668,1.05,1018.6999999999986,0.46337250651531614,518.2999999999986,-2.0400520676879914,-3.1830000000000003,-1.0379493341343717,203.183,-35.45804784314842,1.015915
PUT,AAPL  250620P00202500,AAPL 06/20/2025 202.50 P,OPR,6.4,6.55,5.84,6.48,11,30,11X30,2,8.7,5.84,0,6.99,194,1748635083985,1748635199907,-1.15,30.081,-0.523,0.028,-0.13,0.192,-0.06,2458,4.19,6.49,29,202.5,2025-06-20T20:00:00.000+00:00,21,S,1750464000000,100,P,100 AAPL,-16.45,-0.52,-7.37,1.65,4.19,AAPL,A,12.2,3.9,true,false,true,false,193.6,19360.65,20.0,-187.2,889.3499999999985,639.3499999999985,-619.35,180.0,-0.9359999999999999,0.045935957728691884,0.03302316812710309,1.05,1258.6999999999985,0.5739741126853632,888.2999999999986,-2.032291918947281,-4.383,-1.4342455800435918,204.383,-35.32316906741702,1.0219150000000001
PUT,AAPL  250620P00205000,AAPL 06/20/2025 205.00 P,OPR,7.6,7.95,7.75,7.78,95,10,95X10,1,10.45,7.15,0,8.4,1147,1748635184593,1748635200182,-0.65,29.355,-0.593,0.028,-0.122,0.187,-0.066,16271,3.6,7.815,29,205.0,2025-06-20T20:00:00.000+00:00,21,S,1750464000000,100,P,100 AAPL,-7.74,-0.63,-7.44,4.15,3.6,AAPL,A,37.21,1.92,true,false,true,false,192.4,19240.65,20.0,-184.8,1259.3499999999985,759.3499999999985,-739.35,180.0,-0.924,0.0654525704692928,0.03946592240906614,1.05,1498.6999999999985,0.6859553180623401,1258.2999999999986,-2.027050787854194,-5.583000000000001,-1.7019003178467553,205.583,-35.232073217465754,1.027915
PUT,AAPL  250620P00207500,AAPL 06/20/2025 207.50 P,OPR,9.35,9.75,8.65,9.55,20,118,20X118,2,12.12,8.65,0,10.01,28,1748635100766,1748635199971,-1.36,29.196,-0.661,0.027,-0.113,0.176,-0.071,850,2.0,9.417,29,207.5,2025-06-20T20:00:00.000+00:00,21,S,1750464000000,100,P,100 AAPL,-13.59,-0.46,-4.59,6.65,2.0,AAPL,A,14.6,5.42,true,false,true,false,190.65,19065.65,20.0,-181.3,1684.3499999999985,934.3499999999985,-914.35,180.0,-0.9065000000000001,0.08834474565514412,0.04900698376399433,1.05,1848.6999999999985,0.8517880511360919,1683.2999999999986,-2.0218734620222,-7.333000000000001,-1.840979931098593,207.333,-35.14208636371919,1.036665
PUT,AAPL  250627P00195000,AAPL 06/27/2025 195.00 P,OPR,4.05,4.2,3.92,4.13,33,36,33X36,1,5.76,3.7,0,4.53,1396,1748635159026,1748635200710,-0.61,31.225,-0.34,0.021,-0.108,0.204,-0.054,2272,3.92,4.125,29,195.0,2025-06-27T20:00:00.000+00:00,28,W,1751068800000,100,P,100 AAPL,-13.48,-0.4,-8.84,-5.85,9.77,AAPL,A,9.2,2.13,true,false,false,false,195.95,19595.65,20.0,-191.89999999999998,-95.65000000000146,404.34999999999854,-384.35,180.0,-0.9594999999999999,-0.004881185365119374,0.020634681676800642,1.4000000000000001,788.6999999999986,0.2689878147154369,-97.05000000000146,-2.05203590477429,-2.0295,0.2525042279172667,202.0295,-26.749753758664855,1.0101475
PUT,AAPL  250627P00200000,AAPL 06/27/2025 200.00 P,OPR,5.95,6.1,5.7,6.03,8,22,8X22,5,8.09,5.41,0,6.48,291,1748635161013,1748635199971,-0.77,30.117,-0.453,0.024,-0.111,0.22,-0.07,2528,5.7,6.025,29,200.0,2025-06-27T20:00:00.000+00:00,28,W,1751068800000,100,P,100 AAPL,-11.89,-0.45,-6.95,-0.85,6.55,AAPL,A,11.55,2.98,true,false,false,false,194.05,19405.65,20.0,-188.10000000000002,594.3499999999985,594.3499999999985,-574.35,180.0,-0.9405000000000001,0.03062767802160703,0.03062767802160703,1.4000000000000001,1168.6999999999985,0.3992536599245202,592.9499999999986,-2.0348219726647487,-3.9295000000000004,-1.0323844345782163,203.9295,-26.52535785795119,1.0196475
PUT,AAPL  250627P00205000,AAPL 06/27/2025 205.00 P,OPR,8.45,8.6,8.85,8.52,4,5,4X5,4,11.05,8.71,0,9.07,46,1748634465779,1748635199792,-0.22,29.189,-0.575,0.025,-0.104,0.218,-0.086,687,4.7,8.544,29,205.0,2025-06-27T20:00:00.000+00:00,28,W,1751068800000,100,P,100 AAPL,-2.43,-0.55,-6.02,4.15,4.7,AAPL,A,14.64,4.15,true,false,true,false,191.55,19155.65,20.0,-183.10000000000002,1344.3499999999985,844.3499999999985,-824.3499999999999,180.0,-0.9155000000000001,0.07018033843800646,0.04407837896390874,1.4000000000000001,1668.6999999999985,0.5745931543509533,1342.9499999999985,-2.024261539394673,-6.429499999999999,-1.6291017165039106,206.4295,-26.387695067109128,1.0321475
PUT,AAPL  250627P00210000,AAPL 06/27/2025 210.00 P,OPR,11.6,12.15,14.53,11.88,10,139,10X139,1,14.53,12.75,0,12.35,26,1748623713727,1748635199993,2.18,28.49,-0.695,0.023,-0.088,0.195,-0.096,817,5.38,11.716,29,210.0,2025-06-27T20:00:00.000+00:00,28,W,1751068800000,100,P,100 AAPL,17.65,-0.48,-3.85,9.15,5.38,AAPL,A,18.13,5.85,true,false,true,false,188.4,18840.65,20.0,-176.8,2159.3499999999985,1159.3499999999985,-1139.35,180.0,-0.8840000000000001,0.11461122625811733,0.061534501198206984,1.4000000000000001,2298.6999999999985,0.8021461763337696,2157.9499999999985,-2.017553868433755,-9.5795,-1.8940185193311965,209.5795,-26.30025578494002,1.0478975
PUT,AAPL  250627P00215000,AAPL 06/27/2025 215.00 P,OPR,15.2,15.9,15.09,15.55,85,149,85X149,2,18.52,14.55,0,16.18,98,1748635168039,1748635199922,-1.09,28.034,-0.799,0.019,-0.066,0.155,-0.097,147,0.94,15.492,29,215.0,2025-06-27T20:00:00.000+00:00,28,W,1751068800000,100,P,100 AAPL,-6.73,-0.63,-3.92,14.15,0.94,AAPL,A,20.37,7.95,true,false,true,false,184.8,18480.65,20.0,-169.60000000000002,3019.3499999999985,1519.3499999999985,-1499.35,180.0,-0.8480000000000001,0.16337899370422568,0.0822130173992797,1.4000000000000001,3018.6999999999985,1.0717054053834676,3017.9499999999985,-2.013339113615899,-13.179499999999997,-2.0128388968553033,213.1795,-26.245313445350114,1.0658975
PUT,AAPL  250703P00195000,AAPL 07/03/2025 195.00 P,OPR,4.5,4.7,4.21,4.6,29,10,29X10,1,6.23,4.21,0,4.9,532,1748635027131,1748635200719,-0.69,30.573,-0.348,0.02,-0.096,0.227,-0.067,290,4.21,4.6,29,195.0,2025-07-03T20:00:00.000+00:00,34,W,1751587200000,100,P,100 AAPL,-14.08,-0.3,-6.12,-5.85,10.06,AAPL,A,8.3,3.9,true,false,false,false,195.5,19550.65,20.0,-191.0,-50.650000000001455,449.34999999999854,-429.35,180.0,-0.9550000000000001,-0.002590706702846271,0.02298389056118331,1.7,878.6999999999986,0.24673882514211495,-52.35000000000146,-2.0465820426225654,-2.4765,0.12192849656457774,202.4765,-21.970660163448127,1.0123825
PUT,AAPL  250703P00200000,AAPL 07/03/2025 200.00 P,OPR,6.4,6.8,6.5,6.6,2,61,2X61,1,8.5,6.5,0,7.0,202,1748634691163,1748635199976,-0.5,29.858,-0.452,0.022,-0.099,0.243,-0.085,297,6.5,6.6,29,200.0,2025-07-03T20:00:00.000+00:00,34,W,1751587200000,100,P,100 AAPL,-7.14,-0.4,-5.71,-0.85,7.35,AAPL,A,10.75,5.79,true,false,false,false,193.6,19360.65,20.0,-187.2,639.3499999999985,639.3499999999985,-619.35,180.0,-0.9359999999999999,0.03302316812710309,0.03302316812710309,1.7,1258.6999999999985,0.3545134225409597,637.6499999999985,-2.032291918947281,-4.3765,-1.0295471058367618,204.3765,-21.817251482816395,1.0218825
PUT,AAPL  250703P00205000,AAPL 07/03/2025 205.00 P,OPR,8.75,9.1,9.25,8.93,19,10,19X10,1,11.3,9.25,0,9.21,13,1748633133829,1748635199967,0.04,28.55,-0.566,0.023,-0.092,0.241,-0.102,31,5.1,8.994,29,205.0,2025-07-03T20:00:00.000+00:00,34,W,1751587200000,100,P,100 AAPL,0.43,-0.28,-3.05,4.15,5.1,AAPL,A,13.52,7.88,true,false,true,false,191.25,19125.65,20.0,-182.5,1374.3499999999985,874.3499999999985,-854.35,180.0,-0.9125,0.0718589956419781,0.045716093309246926,1.7,1728.6999999999985,0.49077570758456257,1372.6499999999985,-2.0234096096447574,-6.7265,-1.606660033943932,206.7265,-21.721897280009895,1.0336325
PUT,AAPL  250703P00210000,AAPL 07/03/2025 210.00 P,OPR,10.8,13.2,12.58,12.0,8,100,8X100,1,14.84,12.55,0,12.4,4,1748633034171,1748635199768,0.18,27.75,-0.679,0.022,-0.079,0.219,-0.115,30,3.43,12.076,29,210.0,2025-07-03T20:00:00.000+00:00,34,W,1751587200000,100,P,100 AAPL,1.45,-0.4,-3.23,9.15,3.43,AAPL,A,16.43,10.75,true,false,true,false,189.2,18920.65,20.0,-178.39999999999998,2079.3499999999985,1079.3499999999985,-1059.35,180.0,-0.8919999999999999,0.10989844429234716,0.05704613742128301,1.7,2138.6999999999985,0.6124070634931853,2077.6499999999987,-2.018879501581157,-8.776499999999999,-1.9612498230046715,208.7765,-21.673265237562422,1.0438825
PUT,AAPL  250703P00215000,AAPL 07/03/2025 215.00 P,OPR,15.25,16.5,16.68,15.88,150,150,150X150,1,18.8,16.38,0,16.2,13,1748634391830,1748635199562,0.48,27.612,-0.777,0.019,-0.063,0.182,-0.118,14,2.53,15.823,29,215.0,2025-07-03T20:00:00.000+00:00,34,W,1751587200000,100,P,100 AAPL,2.96,-0.33,-2.03,14.15,2.53,AAPL,A,20.37,15.7,true,false,true,false,184.75,18475.65,20.0,-169.5,3024.3499999999985,1524.3499999999985,-1504.35,180.0,-0.8475,0.16369383485831343,0.08250589289145434,1.7,3028.6999999999985,0.8857250266288481,3022.6499999999987,-2.013294778475753,-13.226499999999998,-2.0092731079868376,213.2265,-21.61331159246029,1.0661325
PUT,AAPL  250711P00195000,AAPL 07/11/2025 195.00 P,OPR,5.15,5.4,5.15,5.28,5,6,5X6,20,6.96,5.15,0,5.68,58,1748634900151,1748635199809,-0.53,31.252,-0.349,0.018,-0.083,0.252,-0.081,24,5.15,5.275,29,195.0,2025-07-11T20:00:00.000+00:00,42,W,1752278400000,100,P,100 AAPL,-9.34,-0.4,-7.06,-5.85,11.0,AAPL,A,6.96,5.15,true,false,false,false,194.85,19485.65,20.0,-189.7,14.349999999998545,514.3499999999985,-494.35,180.0,-0.9485,0.0007364393797486121,0.026396348081793447,2.1,1008.6999999999986,0.22939683452034781,12.249999999998545,-2.0404571659755204,-3.1225,-0.024780014160005148,203.1225,-17.732544418596785,1.0156125
PUT,AAPL  250711P00200000,AAPL 07/11/2025 200.00 P,OPR,6.05,7.35,7.15,6.7,146,20,146X20,1,9.27,7.15,0,7.25,23,1748634776218,1748635199932,-0.1,28.477,-0.441,0.021,-0.078,0.269,-0.099,6,7.15,6.7,29,200.0,2025-07-11T20:00:00.000+00:00,42,W,1752278400000,100,P,100 AAPL,-1.38,-0.55,-7.62,-0.85,8.0,AAPL,A,9.27,6.6,true,false,false,false,193.95,19395.65,20.0,-187.89999999999998,604.3499999999985,604.3499999999985,-584.35,180.0,-0.9394999999999999,0.031159048549545827,0.031159048549545827,2.1,1188.6999999999985,0.2707869695377197,602.2499999999985,-2.034226063147084,-4.0225,-1.03063232651664,204.0225,-17.67839316782585,1.0201125
PUT,AAPL  250711P00205000,AAPL 07/11/2025 205.00 P,OPR,8.45,11.3,9.15,9.88,100,1,100X1,1,11.2,9.15,0,10.16,4,1748635134927,1748635199842,-1.01,27.917,-0.549,0.022,-0.074,0.269,-0.116,3,5.0,9.196,29,205.0,2025-07-11T20:00:00.000+00:00,42,W,1752278400000,100,P,100 AAPL,-9.94,-0.29,-2.83,4.15,5.0,AAPL,A,11.2,9.15,true,false,true,false,191.55,19155.65,20.0,-183.10000000000002,1344.3499999999985,844.3499999999985,-824.3499999999999,180.0,-0.9155000000000001,0.07018033843800646,0.04407837896390874,2.1,1668.6999999999985,0.38306210290063547,1342.2499999999986,-2.024261539394673,-6.4224999999999985,-1.628252562625097,206.42249999999999,-17.591796711406086,1.0321125
PUT,AAPL  250711P00210000,AAPL 07/11/2025 210.00 P,OPR,11.45,13.75,13.1,12.6,101,107,101X107,1,14.15,13.1,0,13.1,44,1748632673362,1748635199612,0.0,29.05,-0.646,0.02,-0.07,0.253,-0.128,1,3.95,12.649,29,210.0,2025-07-11T20:00:00.000+00:00,42,W,1752278400000,100,P,100 AAPL,0.0,-0.5,-3.82,9.15,3.95,AAPL,A,14.15,13.1,true,false,true,false,188.55,18855.65,20.0,-177.10000000000002,2144.3499999999985,1144.3499999999985,-1124.35,180.0,-0.8855000000000002,0.11372453349526526,0.06069003190025263,2.1,2268.6999999999985,0.527425277228386,2142.2499999999986,-2.017788055320851,-9.4225,-1.9053230755547639,209.4225,-17.53553905219311,1.0471125000000001
PUT,AAPL  250711P00215000,AAPL 07/11/2025 215.00 P,OPR,15.1,17.0,16.75,16.05,125,122,125X122,1,16.75,16.75,0,16.89,1,1748617568359,1748635199159,-0.14,26.348,-0.767,0.02,-0.047,0.206,-0.125,1,2.6,15.687,29,215.0,2025-07-11T20:00:00.000+00:00,42,W,1752278400000,100,P,100 AAPL,-0.83,-0.84,-4.96,14.15,2.6,AAPL,A,17.01,16.75,true,false,true,false,184.9,18490.65,20.0,-169.8,3009.3499999999985,1509.3499999999985,-1489.35,180.0,-0.8490000000000001,0.1627498222074399,0.08162774158831618,2.1,2998.6999999999985,0.7093839447556048,3007.2499999999986,-2.0134286769396037,-13.0725,-2.0191694363312847,213.0725,-17.497653978165605,1.0653625
PUT,AAPL  250718P00195000,AAPL 07/18/2025 195.00 P,OPR,5.75,5.85,5.71,5.8,7,43,7X43,1,7.53,5.33,0,6.2,1590,1748635189496,1748635199839,-0.49,30.421,-0.359,0.017,-0.078,0.275,-0.099,10949,5.71,5.8,29,195.0,2025-07-18T20:00:00.000+00:00,49,S,1752883200000,100,P,100 AAPL,-7.9,-0.4,-6.45,-5.85,11.56,AAPL,A,30.95,1.74,true,false,false,false,194.25,19425.65,20.0,-188.5,74.34999999999854,574.3499999999985,-554.35,180.0,-0.9425,0.0038274137544946265,0.029566578209738077,2.45,1128.6999999999985,0.22024083768478364,71.89999999999854,-2.0360782898890566,-3.7190000000000003,-0.1297014521511654,203.719,-15.166705628765422,1.018595
PUT,AAPL  250718P00200000,AAPL 07/18/2025 200.00 P,OPR,7.65,7.8,7.61,7.73,9,55,9X55,2,9.83,7.12,0,8.18,6610,1748635178069,1748635200726,-0.57,29.397,-0.448,0.019,-0.078,0.291,-0.12,21930,7.61,7.725,29,200.0,2025-07-18T20:00:00.000+00:00,49,S,1752883200000,100,P,100 AAPL,-6.97,-0.45,-5.5,-0.85,8.46,AAPL,A,34.5,2.01,true,false,false,false,192.35,19235.65,20.0,-184.7,764.3499999999985,764.3499999999985,-744.35,180.0,-0.9235,0.039736114974019514,0.039736114974019514,2.45,1508.6999999999985,0.2959935095003494,761.8999999999985,-2.026869080405721,-5.619,-1.0235776180560199,205.619,-15.098106415267104,1.028095
PUT,AAPL  250718P00205000,AAPL 07/18/2025 205.00 P,OPR,10.05,10.2,9.75,10.13,5,2,5X2,1,12.35,9.75,0,10.67,1314,1748635142237,1748635200723,-0.92,28.667,-0.543,0.019,-0.075,0.291,-0.141,13839,5.6,10.186,29,205.0,2025-07-18T20:00:00.000+00:00,49,S,1752883200000,100,P,100 AAPL,-8.62,-0.55,-5.12,4.15,5.6,AAPL,A,38.28,2.43,true,false,true,false,189.95,18995.65,20.0,-179.89999999999998,1504.3499999999985,1004.3499999999985,-984.3500000000001,180.0,-0.8994999999999999,0.0791944471497421,0.052872631365602045,2.45,1988.6999999999987,0.39384715200907644,1501.8999999999985,-2.020317976329556,-8.019,-1.5257784324681245,208.019,-15.049307374699751,1.040095
PUT,AAPL  250718P00210000,AAPL 07/18/2025 210.00 P,OPR,13.0,13.2,13.45,13.1,5,63,5X63,10,15.9,13.25,0,13.71,2373,1748634304105,1748635199995,-0.26,27.847,-0.641,0.019,-0.066,0.274,-0.156,9205,4.3,13.096,29,210.0,2025-07-18T20:00:00.000+00:00,49,S,1752883200000,100,P,100 AAPL,-1.9,-0.61,-4.44,9.15,4.3,AAPL,A,40.25,3.0,true,false,true,false,187.0,18700.65,20.0,-174.0,2299.3499999999985,1299.3499999999985,-1279.35,180.0,-0.87,0.12295561918970722,0.06948154208543544,2.45,2578.6999999999985,0.5175665890037537,2296.8999999999987,-2.0156329386016325,-10.969,-1.7953648337046149,210.969,-15.014408624277465,1.054845
PUT,AAPL  250718P00215000,AAPL 07/18/2025 215.00 P,OPR,16.35,16.75,16.71,16.55,30,44,30X44,1,19.7,16.71,0,17.22,79,1748634653638,1748635200726,-0.51,27.21,-0.734,0.018,-0.054,0.24,-0.161,5922,2.56,16.528,29,215.0,2025-07-18T20:00:00.000+00:00,49,S,1752883200000,100,P,100 AAPL,-2.96,-0.67,-3.9,14.15,2.56,AAPL,A,46.94,3.77,true,false,true,false,183.65,18365.65,20.0,-167.3,3134.3499999999985,1634.3499999999985,-1614.3500000000001,180.0,-0.8365,0.17066371187515816,0.08898949941875177,2.45,3248.699999999999,0.6628809650580488,3131.8999999999987,-2.012388887168209,-14.319,-1.9400377861058622,214.319,-14.99024375135503,1.071595
CALL,AAPL  250530C00197500,AAPL 05/30/2025 197.50 C,OPR,2.86,3.3,3.45,3.08,44,2,44X2,111,4.43,0.52,0,3.01,15649,1748635193091,1748635199970,0.44,47.551,1.0,0.0,0.0,0.0,0.0,3345,0.1,3.35,29,197.5,2025-05-30T20:00:00.000+00:00,0,W,1748649600000,100,P,100 AAPL,14.61,0.07,2.25,3.35,0.1,AAPL,A,17.05,0.52,true,false,true,false,197.14,19714.65,20.0,-194.27999999999997,35.349999999998545,285.34999999999854,-265.35,180.0,-0.9713999999999999,0.0017930828089770066,0.014474007907824818,0.0,550.6999999999986,inf,35.349999999998545,-2.075372149990573,-0.8535000000000003,-0.13322027510834197,200.8535,-inf,1.0042675
CALL,AAPL  250530C00200000,AAPL 05/30/2025 200.00 C,OPR,0.57,1.0,0.69,0.78,1,106,1X106,1,1.95,0.06,0,1.36,92215,1748635198053,1748635199978,-0.67,16.278,1.0,0.0,0.0,0.0,0.0,15218,-0.16,0.85,29,200.0,2025-05-30T20:00:00.000+00:00,0,W,1748649600000,100,P,100 AAPL,-49.4,-0.57,-42.12,0.85,-0.16,AAPL,A,20.01,0.06,true,false,true,false,199.43,19943.65,20.0,-198.86,56.349999999998545,56.349999999998545,-36.349999999999994,180.0,-0.9943000000000001,0.0028254607356225435,0.0028254607356225435,0.0,92.69999999999854,inf,56.349999999998545,-2.550206327372725,1.4365,-1.550206327372725,198.5635,-inf,0.9928175
CALL,AAPL  250530C00202500,AAPL 05/30/2025 202.50 C,OPR,0.01,0.02,0.01,0.02,1918,168,1918X168,1,0.25,0.01,0,0.44,46583,1748635199867,1748635199867,-0.43,31.516,0.04,0.089,-0.015,0.003,0.0,21787,0.01,0.015,29,202.5,2025-05-30T20:00:00.000+00:00,0,W,1748649600000,100,P,100 AAPL,-97.73,-0.42,-96.59,-1.65,1.66,AAPL,A,12.85,0.01,true,false,false,false,199.99,19999.65,20.0,-199.98000000000002,250.34999999999854,0.3499999999985448,19.65,180.0,-0.9999000000000001,0.012517719060083478,0.000017500306255286707,0.0,-19.300000000001454,inf,250.34999999999854,-0.9821882951654685,1.9965000000000002,12.740458015267102,198.0035,-inf,0.9900175
CALL,AAPL  250530C00205000,AAPL 05/30/2025 205.00 C,OPR,0.0,0.01,0.01,0.01,0,90,0X90,1,0.07,0.01,0,0.13,24906,1748635080191,1748635201603,-0.12,57.289,0.009,0.013,-0.005,0.001,0.0,38662,0.01,0.005,29,205.0,2025-05-30T20:00:00.000+00:00,0,W,1748649600000,100,P,100 AAPL,-96.0,-0.12,-96.0,-4.15,4.16,AAPL,A,16.09,0.01,true,false,false,false,200.0,20000.65,20.0,-200.0,499.34999999999854,-0.6500000000014552,20.65,180.0,-1.0,0.02496668858262099,-0.000032498943784399766,0.0,-21.300000000001454,-inf,499.34999999999854,-1.031476997578763,2.0065,24.181598062953928,197.9935,-inf,0.9899675000000001
CALL,AAPL  250530C00207500,AAPL 05/30/2025 207.50 C,OPR,0.0,0.01,0.01,0.01,0,1787,0X1787,7,0.04,0.01,0,0.06,8871,1748635194409,1748635199020,-0.04,86.063,0.006,0.006,-0.005,0.001,0.0,17127,0.01,0.005,29,207.5,2025-05-30T20:00:00.000+00:00,0,W,1748649600000,100,P,100 AAPL,-72.73,-0.05,-90.91,-6.65,6.66,AAPL,A,9.05,0.01,true,false,false,false,200.0,20000.65,20.0,-200.0,749.3499999999985,-0.6500000000014552,20.65,180.0,-1.0,0.037466282345823686,-0.000032498943784399766,0.0,-21.300000000001454,-inf,749.3499999999985,-1.031476997578763,2.0065,36.28813559322027,197.9935,-inf,0.9899675000000001
CALL,AAPL  250606C00197500,AAPL 06/06/2025 197.50 C,OPR,5.15,5.35,5.35,5.25,79,10,79X10,2,6.09,3.17,0,5.04,5522,1748635195040,1748635200726,0.31,29.869,0.665,0.044,-0.222,0.102,0.025,1751,2.0,5.252,29,197.5,2025-06-06T20:00:00.000+00:00,7,W,1749254400000,100,P,100 AAPL,6.16,0.21,4.26,3.35,2.0,AAPL,A,13.5,3.17,true,false,true,false,194.85,19485.65,20.0,-189.7,264.34999999999854,514.3499999999985,-494.35,180.0,-0.9485,0.01356639373077103,0.026396348081793447,0.35000000000000003,1008.6999999999986,1.3763810071220868,263.9999999999985,-2.0404571659755204,-3.14,-0.5340345908769061,203.14,-106.39526651158072,1.0157
CALL,AAPL  250606C00200000,AAPL 06/06/2025 200.00 C,OPR,3.6,3.75,3.79,3.68,60,41,60X41,3,4.35,2.05,0,3.56,22811,1748635193385,1748635200718,0.23,28.972,0.55,0.049,-0.235,0.111,0.021,14622,2.94,3.673,29,200.0,2025-06-06T20:00:00.000+00:00,7,W,1749254400000,100,P,100 AAPL,6.46,0.12,3.29,0.85,2.94,AAPL,A,18.65,2.05,true,false,true,false,196.4,19640.65,20.0,-192.8,359.34999999999854,359.34999999999854,-339.35,180.0,-0.9640000000000001,0.018296237649975868,0.018296237649975868,0.35000000000000003,698.6999999999986,0.954018106034456,358.9999999999985,-2.058936201561805,-1.5900000000000003,-1.0579048180344732,201.59,-107.35881622429413,1.0079500000000001
CALL,AAPL  250606C00202500,AAPL 06/06/2025 202.50 C,OPR,2.36,2.42,2.4,2.39,1,5,1X5,1,2.93,1.27,0,2.38,22187,1748635199185,1748635199965,0.02,28.046,0.425,0.05,-0.225,0.11,0.016,5697,2.4,2.39,29,202.5,2025-06-06T20:00:00.000+00:00,7,W,1749254400000,100,P,100 AAPL,0.84,0.0,0.21,-1.65,4.05,AAPL,A,9.3,1.27,true,false,false,false,197.64,19764.65,20.0,-195.27999999999997,485.34999999999854,235.34999999999854,-215.35,180.0,-0.9763999999999999,0.024556468240014295,0.011907622953100537,0.35000000000000003,450.69999999999857,0.620897482554528,484.9999999999985,-2.0928720687253244,-0.3499999999999999,-2.2521476665892664,200.35,-109.12832929782049,1.00175
CALL,AAPL  250606C00205000,AAPL 06/06/2025 205.00 C,OPR,1.42,1.48,1.45,1.45,50,7,50X7,1,1.83,0.74,0,1.49,27951,1748635198053,1748635199997,-0.04,27.397,0.303,0.046,-0.194,0.098,0.012,11657,1.45,1.45,29,205.0,2025-06-06T20:00:00.000+00:00,7,W,1749254400000,100,P,100 AAPL,-2.68,-0.04,-2.68,-4.15,5.6,AAPL,A,14.57,0.74,true,false,false,false,198.58,19858.65,20.0,-197.16000000000003,641.3499999999985,141.34999999999854,-121.35,180.0,-0.9858000000000001,0.032295750214641906,0.007117805087455519,0.35000000000000003,262.69999999999857,0.37114269384589493,640.9999999999985,-2.1648125257519455,0.5900000000000001,-5.282241450350215,199.41,-112.87951027135145,0.99705
CALL,AAPL  250606C00207500,AAPL 06/06/2025 207.50 C,OPR,0.81,0.85,0.83,0.83,20,13,20X13,1,1.07,0.42,0,0.9,16135,1748635199935,1748635199938,-0.07,27.107,0.2,0.037,-0.151,0.078,0.008,6780,0.83,0.83,29,207.5,2025-06-06T20:00:00.000+00:00,7,W,1749254400000,100,P,100 AAPL,-7.82,-0.06,-7.26,-6.65,7.48,AAPL,A,6.25,0.42,true,false,false,false,199.19,19919.65,20.0,-198.38,830.3499999999985,80.34999999999854,-60.35,180.0,-0.9919,0.04168496936442149,0.00403370541149059,0.35000000000000003,140.69999999999854,0.21032892502772363,829.9999999999985,-2.3314001657000585,1.2,-13.753106876553414,198.8,-121.56586578293162,0.9940000000000001
CALL,AAPL  250613C00197500,AAPL 06/13/2025 197.50 C,OPR,6.9,7.15,7.05,7.03,8,6,8X6,2,7.79,5.15,0,6.82,769,1748635197431,1748635200724,0.23,32.598,0.62,0.03,-0.182,0.15,0.045,203,3.7,7.013,29,197.5,2025-06-13T20:00:00.000+00:00,14,W,1749859200000,100,P,100 AAPL,3.37,0.21,3.04,3.35,3.7,AAPL,A,9.13,5.15,true,false,true,false,193.1,19310.65,20.0,-186.2,439.34999999999854,689.3499999999985,-669.35,180.0,-0.9309999999999999,0.022751694013407032,0.03569791798826029,0.7000000000000001,1358.6999999999985,0.9306957189796432,438.64999999999856,-2.0298797340703643,-4.886500000000001,-0.6553372674983171,204.8865,-52.92186449540593,1.0244325
CALL,AAPL  250613C00200000,AAPL 06/13/2025 200.00 C,OPR,5.45,5.6,5.65,5.53,59,1,59X1,3,6.22,3.9,0,5.34,2692,1748635192317,1748635199991,0.31,31.913,0.544,0.031,-0.185,0.156,0.04,2981,4.8,5.516,29,200.0,2025-06-13T20:00:00.000+00:00,14,W,1749859200000,100,P,100 AAPL,5.81,0.19,3.46,0.85,4.8,AAPL,A,18.85,3.9,true,false,true,false,194.55,19455.65,20.0,-189.10000000000002,544.3499999999985,544.3499999999985,-524.35,180.0,-0.9455000000000001,0.02797901894822319,0.02797901894822319,0.7000000000000001,1068.6999999999985,0.7294529940072474,543.6499999999985,-2.038142462095925,-3.4365000000000006,-1.0368074759225678,203.4365,-53.137285618929475,1.0171825
CALL,AAPL  250613C00202500,AAPL 06/13/2025 202.50 C,OPR,4.15,4.35,4.27,4.25,151,69,151X69,1,4.85,2.9,0,4.1,1144,1748635198556,1748635199995,0.17,31.474,0.464,0.032,-0.182,0.157,0.034,1054,4.27,4.25,29,202.5,2025-06-13T20:00:00.000+00:00,14,W,1749859200000,100,P,100 AAPL,4.15,0.15,3.66,-1.65,5.92,AAPL,A,6.17,2.9,true,false,false,false,195.85,19585.65,20.0,-191.7,664.3499999999985,414.34999999999854,-394.3500000000001,180.0,-0.9584999999999999,0.03392024262661686,0.021155795186782084,0.7000000000000001,808.6999999999987,0.5515618030839614,663.6499999999985,-2.0507163687079966,-2.1365000000000007,-1.6828959046532226,202.1365,-53.46510532702991,1.0106825000000002
CALL,AAPL  250613C00205000,AAPL 06/13/2025 205.00 C,OPR,3.1,3.25,3.25,3.18,35,32,35X32,1,3.65,2.12,0,3.05,2798,1748635190653,1748635199971,0.2,30.982,0.384,0.031,-0.172,0.151,0.029,3381,3.25,3.175,29,205.0,2025-06-13T20:00:00.000+00:00,14,W,1749859200000,100,P,100 AAPL,6.56,0.13,4.1,-4.15,7.4,AAPL,A,12.8,2.12,true,false,false,false,196.9,19690.65,20.0,-193.8,809.3499999999985,309.34999999999854,-289.35,180.0,-0.9690000000000001,0.0411032647474816,0.015710502192664972,0.7000000000000001,598.6999999999986,0.40959523573733675,808.6499999999985,-2.069120442370826,-1.0865000000000002,-2.794712286158626,201.0865,-53.94492581895368,1.0054325
CALL,AAPL  250613C00207500,AAPL 06/13/2025 207.50 C,OPR,2.28,2.36,2.36,2.32,9,135,9X135,1,2.69,1.52,0,2.24,1878,1748635199116,1748635199843,0.12,30.666,0.309,0.029,-0.156,0.139,0.023,1346,2.36,2.32,29,207.5,2025-06-13T20:00:00.000+00:00,14,W,1749859200000,100,P,100 AAPL,5.36,0.08,3.57,-6.65,9.01,AAPL,A,3.65,1.52,true,false,false,false,197.72,19772.65,20.0,-195.44,977.3499999999985,227.34999999999854,-207.34999999999997,180.0,-0.9772,0.04942938857462194,0.01149820585505729,0.7000000000000001,434.6999999999985,0.2997746526497079,976.6499999999985,-2.096455268869055,-0.2664999999999997,-4.710151917048463,200.2665,-54.657583795514654,1.0013325
CALL,AAPL  250620C00197500,AAPL 06/20/2025 197.50 C,OPR,7.85,8.1,8.5,7.98,17,67,17X67,1,8.7,6.0,0,7.69,517,1748635133717,1748635200725,0.81,31.396,0.611,0.025,-0.148,0.185,0.066,1236,5.15,8.004,29,197.5,2025-06-20T20:00:00.000+00:00,21,S,1750464000000,100,P,100 AAPL,10.53,0.28,3.65,3.35,5.15,AAPL,A,15.0,6.0,true,false,true,false,192.15,19215.65,20.0,-184.3,534.3499999999985,784.3499999999985,-764.35,180.0,-0.9215000000000001,0.02780806269889379,0.040818291340651944,1.05,1548.6999999999985,0.7094607780637123,533.2999999999986,-2.0261660234185888,-5.833000000000001,-0.6977170144567261,205.833,-35.21669516894214,1.029165
CALL,AAPL  250620C00200000,AAPL 06/20/2025 200.00 C,OPR,6.4,6.55,6.54,6.48,60,7,60X7,1,7.15,4.8,0,6.27,3464,1748635196510,1748635199972,0.27,30.474,0.546,0.027,-0.148,0.191,0.06,33654,5.69,6.457,29,200.0,2025-06-20T20:00:00.000+00:00,21,S,1750464000000,100,P,100 AAPL,4.31,0.21,3.34,0.85,5.69,AAPL,A,65.75,4.39,true,false,true,false,193.6,19360.65,20.0,-187.2,639.3499999999985,639.3499999999985,-619.35,180.0,-0.9359999999999999,0.03302316812710309,0.03302316812710309,1.05,1258.6999999999985,0.5739741126853632,638.2999999999986,-2.032291918947281,-4.383,-1.0305965932025487,204.383,-35.32316906741702,1.0219150000000001
CALL,AAPL  250620C00202500,AAPL 06/20/2025 202.50 C,OPR,5.1,5.25,5.2,5.18,62,19,62X19,1,5.73,3.79,0,5.0,967,1748635186075,1748635200726,0.2,30.081,0.478,0.027,-0.146,0.192,0.052,2173,5.2,5.175,29,202.5,2025-06-20T20:00:00.000+00:00,21,S,1750464000000,100,P,100 AAPL,4.0,0.17,3.5,-1.65,6.85,AAPL,A,11.25,3.79,true,false,false,false,194.9,19490.65,20.0,-189.8,759.3499999999985,509.34999999999854,-489.34999999999997,180.0,-0.9490000000000001,0.03895970632072294,0.026133043279726355,1.05,998.6999999999985,0.4542171808142914,758.2999999999986,-2.0408705425564495,-3.0829999999999997,-1.5496066210278914,203.083,-35.4722737158621,1.015415
CALL,AAPL  250620C00205000,AAPL 06/20/2025 205.00 C,OPR,3.95,4.05,4.06,4.0,30,1,30X1,3,4.51,2.86,0,3.9,5120,1748635196661,1748635200726,0.16,29.355,0.409,0.027,-0.138,0.187,0.045,21926,4.06,4.0,29,205.0,2025-06-20T20:00:00.000+00:00,21,S,1750464000000,100,P,100 AAPL,4.1,0.1,2.56,-4.15,8.21,AAPL,A,60.25,2.86,true,false,false,false,196.05,19605.65,20.0,-192.10000000000002,894.3499999999985,394.34999999999854,-374.35,180.0,-0.9605000000000001,0.04561695225610977,0.020114099762058312,1.05,768.6999999999986,0.34960221015006115,893.2999999999986,-2.0534259382930373,-1.933,-2.3862695338586843,201.933,-35.690498451283744,1.009665
CALL,AAPL  250620C00207500,AAPL 06/20/2025 207.50 C,OPR,3.05,3.15,3.15,3.1,88,88,88X88,1,3.5,2.2,0,3.0,1813,1748635188240,1748635199993,0.15,29.196,0.342,0.026,-0.129,0.177,0.038,1736,3.15,3.1,29,207.5,2025-06-20T20:00:00.000+00:00,21,S,1750464000000,100,P,100 AAPL,5.01,0.1,3.51,-6.65,9.8,AAPL,A,8.2,2.2,true,false,false,false,196.95,19695.65,20.0,-193.89999999999998,1054.3499999999985,304.34999999999854,-284.35,180.0,-0.9694999999999999,0.05353212511392102,0.015452650712213028,1.05,588.6999999999986,0.2685817861884645,1053.2999999999986,-2.070335853701419,-1.0330000000000004,-3.7042377351855054,201.033,-35.984408885762754,1.0051649999999999
CALL,AAPL  250627C00195000,AAPL 06/27/2025 195.00 C,OPR,10.4,10.6,11.15,10.5,17,22,17X22,1,11.15,8.5,0,10.23,130,1748635103488,1748635200723,0.92,31.225,0.66,0.021,-0.125,0.204,0.094,739,5.3,10.442,29,195.0,2025-06-27T20:00:00.000+00:00,28,W,1751068800000,100,P,100 AAPL,9.0,0.27,2.68,5.85,5.3,AAPL,A,21.9,8.5,true,false,true,false,189.6,18960.65,20.0,-179.2,539.3499999999985,1039.3499999999985,-1019.35,180.0,-0.8959999999999999,0.028445754760517097,0.054816158728735485,1.4000000000000001,2058.6999999999985,0.7145677834281591,537.9499999999986,-2.0196203462991105,-8.3795,-0.5277382645803684,208.3795,-26.327193799970548,1.0418975000000001
CALL,AAPL  250627C00200000,AAPL 06/27/2025 200.00 C,OPR,7.3,7.45,7.39,7.38,7,15,7X15,1,8.01,5.75,0,7.17,1625,1748635199959,1748635199960,0.22,30.117,0.548,0.024,-0.128,0.22,0.079,3372,6.54,7.352,29,200.0,2025-06-27T20:00:00.000+00:00,28,W,1751068800000,100,P,100 AAPL,3.07,0.2,2.84,0.85,6.54,AAPL,A,17.5,5.75,true,false,true,false,192.7,19270.65,20.0,-185.39999999999998,729.3499999999985,729.3499999999985,-709.35,180.0,-0.9269999999999999,0.037847711416065286,0.037847711416065286,1.4000000000000001,1438.6999999999985,0.4933719523879939,727.9499999999986,-2.028194826249381,-5.2795000000000005,-1.0262211884119243,205.2795,-26.43896827075086,1.0263975
CALL,AAPL  250627C00205000,AAPL 06/27/2025 205.00 C,OPR,4.8,4.95,4.93,4.88,16,18,16X18,4,5.39,3.65,0,4.75,1829,1748635195174,1748635199906,0.18,29.189,0.427,0.024,-0.121,0.218,0.062,11721,4.93,4.875,29,205.0,2025-06-27T20:00:00.000+00:00,28,W,1751068800000,100,P,100 AAPL,3.79,0.13,2.63,-4.15,9.08,AAPL,A,14.06,3.65,true,false,false,false,195.2,19520.65,20.0,-190.39999999999998,979.3499999999985,479.34999999999854,-459.35,180.0,-0.952,0.05016994823430564,0.024556047057859166,1.4000000000000001,938.6999999999986,0.320105613432807,977.9499999999986,-2.0435397844780634,-2.7795000000000005,-2.12898661151627,202.7795,-26.639000761946185,1.0138975000000001
CALL,AAPL  250627C00210000,AAPL 06/27/2025 210.00 C,OPR,2.98,3.1,3.05,3.04,9,917,9X917,1,3.37,2.25,0,3.0,1279,1748635196034,1748635199975,0.05,28.49,0.311,0.022,-0.105,0.197,0.046,2292,3.05,3.039,29,210.0,2025-06-27T20:00:00.000+00:00,28,W,1751068800000,100,P,100 AAPL,1.67,0.04,1.5,-9.15,12.2,AAPL,A,10.85,2.25,true,false,false,false,197.02,19702.65,20.0,-194.04000000000002,1297.3499999999985,297.34999999999854,-277.35,180.0,-0.9702000000000002,0.06584647242883564,0.015091878503652987,1.4000000000000001,574.6999999999986,0.1967334162083336,1295.9499999999985,-2.072111051018563,-0.9595000000000001,-4.672615828375693,200.9595,-27.011447629349128,1.0047975
CALL,AAPL  250627C00215000,AAPL 06/27/2025 215.00 C,OPR,1.76,1.82,1.83,1.79,33,3,33X3,5,2.03,1.28,0,1.77,991,1748635194455,1748635199970,0.06,28.034,0.21,0.018,-0.084,0.161,0.031,6795,1.83,1.79,29,215.0,2025-06-27T20:00:00.000+00:00,28,W,1751068800000,100,P,100 AAPL,3.39,0.02,1.13,-14.15,15.98,AAPL,A,7.89,1.28,true,false,false,false,198.24,19824.65,20.0,-196.48000000000002,1675.3499999999985,175.34999999999854,-155.35,180.0,-0.9824000000000002,0.08450842763932773,0.008845048966816491,1.4000000000000001,330.69999999999857,0.1153015311745721,1673.9499999999985,-2.1287415513356844,0.26050000000000006,-10.775345992919204,199.7395,-27.74966665134017,0.9986975
CALL,AAPL  250703C00195000,AAPL 07/03/2025 195.00 C,OPR,11.05,11.25,11.8,11.15,3,16,3X16,1,11.8,9.0,0,11.13,590,1748635103475,1748635199974,0.67,30.573,0.652,0.02,-0.112,0.226,0.112,1548,5.95,10.987,29,195.0,2025-07-03T20:00:00.000+00:00,34,W,1751587200000,100,P,100 AAPL,6.02,0.02,0.21,5.85,5.95,AAPL,A,13.2,9.0,true,false,true,false,188.95,18895.65,20.0,-177.89999999999998,604.3499999999985,1104.3499999999985,-1084.35,180.0,-0.8895,0.03198355176985171,0.05844466848189919,1.7,2188.6999999999985,0.6274207057615648,602.6499999999985,-2.0184442292617684,-9.026499999999999,-0.5557707382302749,209.0265,-21.668592461192514,1.0451325
CALL,AAPL  250703C00200000,AAPL 07/03/2025 200.00 C,OPR,7.8,8.25,8.52,8.03,28,58,28X58,2,8.64,6.4,0,8.21,1164,1748635133563,1748635199901,0.31,29.858,0.548,0.022,-0.115,0.243,0.095,684,7.67,8.0,29,200.0,2025-07-03T20:00:00.000+00:00,34,W,1751587200000,100,P,100 AAPL,3.78,-0.18,-2.25,0.85,7.67,AAPL,A,10.3,5.55,true,false,true,false,192.2,19220.65,20.0,-184.39999999999998,779.3499999999985,779.3499999999985,-759.35,180.0,-0.9219999999999999,0.04054753611350285,0.04054753611350285,1.7,1538.6999999999985,0.4352897259243688,777.6499999999985,-2.0263383156647112,-5.7764999999999995,-1.0240995588332107,205.7765,-21.753337800518224,1.0288825
CALL,AAPL  250703C00205000,AAPL 07/03/2025 205.00 C,OPR,5.2,5.6,5.75,5.4,72,11,72X11,1,5.98,4.3,0,5.38,972,1748635168156,1748635199992,0.38,28.55,0.437,0.022,-0.108,0.241,0.077,706,5.75,5.4,29,205.0,2025-07-03T20:00:00.000+00:00,34,W,1751587200000,100,P,100 AAPL,7.07,0.03,0.47,-4.15,9.9,AAPL,A,7.8,4.3,true,false,false,false,194.8,19480.65,20.0,-189.60000000000002,1019.3499999999985,519.3499999999985,-499.35,180.0,-0.9480000000000002,0.05232628274723885,0.02665978804608668,1.7,1018.6999999999986,0.2862006657888717,1017.6499999999985,-2.0400520676879914,-3.1765000000000003,-2.0379493341343715,203.1765,-21.90055896194461,1.0158825
CALL,AAPL  250703C00210000,AAPL 07/03/2025 210.00 C,OPR,3.3,3.65,3.65,3.47,96,6,96X6,7,3.92,2.68,0,3.5,1150,1748635145666,1748635199869,0.15,27.75,0.326,0.021,-0.095,0.221,0.058,549,3.65,3.475,29,210.0,2025-07-03T20:00:00.000+00:00,34,W,1751587200000,100,P,100 AAPL,4.29,-0.03,-0.71,-9.15,12.8,AAPL,A,5.3,2.68,true,false,false,false,196.7,19670.65,20.0,-193.39999999999998,1329.3499999999985,329.34999999999854,-309.35,180.0,-0.9669999999999999,0.06758037990610369,0.016743218958193987,1.7,638.6999999999986,0.17974337999237663,1327.6499999999985,-2.064651689025371,-1.2765000000000002,-4.291740746727003,201.2765,-22.16464313218413,1.0063825
CALL,AAPL  250703C00215000,AAPL 07/03/2025 215.00 C,OPR,1.96,2.44,2.4,2.2,74,81,74X81,1,2.45,1.67,0,2.19,383,1748635119598,1748635199901,0.21,27.612,0.232,0.018,-0.08,0.187,0.041,406,2.4,2.2,29,215.0,2025-07-03T20:00:00.000+00:00,34,W,1751587200000,100,P,100 AAPL,9.57,0.01,0.23,-14.15,16.55,AAPL,A,3.9,1.67,true,false,false,false,198.04,19804.65,20.0,-196.07999999999998,1695.3499999999985,195.34999999999854,-175.35,180.0,-0.9803999999999999,0.08560363349011461,0.009863845107083363,1.7,370.69999999999857,0.10589127835545374,1693.6499999999985,-2.114057599087531,0.06350000000000006,-9.65868263473053,199.9365,-22.695030107851437,0.9996825
CALL,AAPL  250711C00195000,AAPL 07/11/2025 195.00 C,OPR,10.9,12.1,11.7,11.5,107,7,107X7,1,11.7,9.95,0,11.84,62,1748634582065,1748635199996,-0.14,31.252,0.655,0.017,-0.114,0.252,0.137,16,5.85,12.434,29,195.0,2025-07-11T20:00:00.000+00:00,42,W,1752278400000,100,P,100 AAPL,-1.18,-0.34,-2.87,5.85,5.85,AAPL,A,12.65,9.95,true,false,true,false,189.1,18910.65,20.0,-178.2,589.3499999999985,1089.3499999999985,-1069.35,180.0,-0.891,0.031164978464515946,0.05760510611745225,2.1,2158.6999999999985,0.5006158031635731,587.2499999999985,-2.018702950390423,-8.872499999999999,-0.549165380838826,208.8725,-17.543489926012008,1.0443625
CALL,AAPL  250711C00200000,AAPL 07/11/2025 200.00 C,OPR,8.8,9.05,9.05,8.93,1,3,1X3,2,9.05,7.4,0,8.41,139,1748634905193,1748635199846,0.64,28.477,0.565,0.02,-0.109,0.269,0.121,33,8.2,8.865,29,200.0,2025-07-11T20:00:00.000+00:00,42,W,1752278400000,100,P,100 AAPL,7.61,0.52,6.14,0.85,8.2,AAPL,A,10.5,7.4,true,false,true,false,191.2,19120.65,20.0,-182.39999999999998,879.3499999999985,879.3499999999985,-859.3500000000001,180.0,-0.9119999999999999,0.0459895453344943,0.0459895453344943,2.1,1738.6999999999987,0.39967104874024806,877.2499999999985,-2.0232734043172145,-6.772500000000001,-1.0208296968639068,206.7725,-17.58320934704246,1.0338625000000001
CALL,AAPL  250711C00205000,AAPL 07/11/2025 205.00 C,OPR,5.25,7.45,6.77,6.35,119,130,119X130,1,6.77,5.05,0,6.3,37,1748634980143,1748635201603,0.47,27.917,0.462,0.021,-0.105,0.271,0.1,46,6.77,6.35,29,205.0,2025-07-11T20:00:00.000+00:00,42,W,1752278400000,100,P,100 AAPL,7.47,0.05,0.86,-4.15,10.92,AAPL,A,7.75,5.05,true,false,false,false,194.75,19475.65,20.0,-189.5,1024.3499999999985,524.3499999999985,-504.35,180.0,-0.9475,0.05259644735862466,0.02692336327670699,2.1,1028.6999999999985,0.23397684752376313,1022.2499999999985,-2.0396550014870596,-3.2225,-2.0268662635074817,203.2225,-17.72557322720897,1.0161125
CALL,AAPL  250711C00210000,AAPL 07/11/2025 210.00 C,OPR,4.15,5.4,4.35,4.78,1,119,1X119,1,4.35,3.35,0,4.18,63,1748635151301,1748635199971,0.17,29.05,0.37,0.019,-0.101,0.258,0.08,12,4.35,4.775,29,210.0,2025-07-11T20:00:00.000+00:00,42,W,1752278400000,100,P,100 AAPL,4.06,0.59,14.14,-9.15,13.5,AAPL,A,4.92,3.35,true,false,false,false,195.85,19585.65,20.0,-191.7,1414.3499999999985,414.34999999999854,-394.3500000000001,180.0,-0.9584999999999999,0.07221358494612119,0.021155795186782084,2.1,808.6999999999987,0.1838539343613205,1412.2499999999986,-2.0507163687079966,-2.122500000000001,-3.581209585393682,202.1225,-17.821701775676637,1.0106125000000001
CALL,AAPL  250711C00215000,AAPL 07/11/2025 215.00 C,OPR,2.56,2.87,2.91,2.72,12,5,12X5,350,2.95,2.19,0,2.91,3225,1748635169330,1748635199970,0.01,26.348,0.261,0.018,-0.078,0.222,0.057,29,2.91,2.715,29,215.0,2025-07-11T20:00:00.000+00:00,42,W,1752278400000,100,P,100 AAPL,0.34,-0.19,-6.54,-14.15,17.06,AAPL,A,3.4,2.19,true,false,false,false,197.44,19744.65,20.0,-194.88,1755.3499999999985,255.34999999999854,-235.35,180.0,-0.9744,0.08890256347922088,0.012932617189972906,2.1,490.69999999999857,0.11239060177000264,1753.2499999999986,-2.084979817293387,-0.5325,-7.449543233482043,200.5325,-18.119467459811577,1.0026625
CALL,AAPL  250718C00195000,AAPL 07/18/2025 195.00 C,OPR,12.55,12.75,12.8,12.65,43,2,43X2,1,13.4,10.7,0,12.4,581,1748635186174,1748635199845,0.4,30.421,0.642,0.017,-0.097,0.275,0.156,3243,6.95,12.593,29,195.0,2025-07-18T20:00:00.000+00:00,49,S,1752883200000,100,P,100 AAPL,3.23,0.25,2.02,5.85,6.95,AAPL,A,70.62,7.25,true,false,true,false,187.45,18745.65,20.0,-174.89999999999998,754.3499999999985,1254.3499999999985,-1234.35,180.0,-0.8744999999999999,0.04024133598994959,0.06691419075892266,2.45,2488.6999999999985,0.4984424413674851,751.8999999999985,-2.0162028598047543,-10.518999999999998,-0.6091465143597833,210.519,-15.018653955688476,1.052595
CALL,AAPL  250718C00200000,AAPL 07/18/2025 200.00 C,OPR,9.45,9.7,9.7,9.57,21,36,21X36,1,10.23,7.95,0,9.37,6170,1748635186142,1748635200725,0.33,29.397,0.555,0.018,-0.098,0.291,0.137,6559,8.85,9.534,29,200.0,2025-07-18T20:00:00.000+00:00,49,S,1752883200000,100,P,100 AAPL,3.52,0.2,2.17,0.85,8.85,AAPL,A,66.46,5.7,true,false,true,false,190.55,19055.65,20.0,-181.10000000000002,944.3499999999985,944.3499999999985,-924.3499999999999,180.0,-0.9055000000000001,0.0495574803273569,0.0495574803273569,2.45,1868.6999999999985,0.369152659581332,941.8999999999985,-2.0216368258776423,-7.418999999999999,-1.0189863147076308,207.419,-15.059131458068151,1.037095
CALL,AAPL  250718C00205000,AAPL 07/18/2025 205.00 C,OPR,6.95,7.05,7.0,7.0,1,17,1X17,44,7.5,5.6,0,6.85,2606,1748635197428,1748635199880,0.15,28.667,0.462,0.019,-0.094,0.292,0.115,9024,7.0,7.0,29,205.0,2025-07-18T20:00:00.000+00:00,49,S,1752883200000,100,P,100 AAPL,2.19,0.15,2.19,-4.15,11.15,AAPL,A,61.32,4.6,true,false,false,false,193.05,19305.65,20.0,-186.10000000000002,1194.3499999999985,694.3499999999985,-674.35,180.0,-0.9305000000000001,0.06186530886035945,0.035966154985716536,2.45,1368.6999999999985,0.2679111544854395,1191.8999999999985,-2.0296581893675367,-4.9190000000000005,-1.767479795358491,204.919,-15.11888243100308,1.0245950000000001
CALL,AAPL  250718C00210000,AAPL 07/18/2025 210.00 C,OPR,4.85,4.95,5.0,4.9,12,61,12X61,4,5.29,3.9,0,4.85,2337,1748635177415,1748635199968,0.15,27.847,0.368,0.018,-0.086,0.277,0.093,14721,5.0,4.9,29,210.0,2025-07-18T20:00:00.000+00:00,49,S,1752883200000,100,P,100 AAPL,3.09,0.05,1.03,-9.15,14.15,AAPL,A,57.5,3.58,true,false,false,false,195.15,19515.65,20.0,-190.3,1484.3499999999985,484.34999999999854,-464.34999999999997,180.0,-0.9515000000000001,0.07605947022005408,0.02481854306671817,2.45,948.6999999999985,0.18487282080310474,1481.8999999999985,-2.043070959405618,-2.819,-3.1913427371594674,202.819,-15.218793881286745,1.014095
CALL,AAPL  250718C00215000,AAPL 07/18/2025 215.00 C,OPR,3.25,3.35,3.35,3.3,19,999,19X999,5,3.6,2.55,0,3.3,14849,1748635199312,1748635199968,0.05,27.21,0.28,0.017,-0.074,0.248,0.071,25496,3.35,3.299,29,215.0,2025-07-18T20:00:00.000+00:00,49,S,1752883200000,100,P,100 AAPL,1.52,0.0,0.0,-14.15,17.5,AAPL,A,53.6,2.55,true,false,false,false,196.75,19675.65,20.0,-193.5,1824.3499999999985,324.34999999999854,-304.35,180.0,-0.9675,0.09272120616091455,0.01648484294038563,2.45,628.6999999999986,0.12279525863756642,1821.8999999999985,-2.0657138163298785,-1.2190000000000003,-5.986200098570719,201.219,-15.38746006041644,1.006095
