put_call,symbol,description,exchange_name,bid,ask,last,mark,bid_size,ask_size,bid_ask_size,last_size,high_price,low_price,open_price,close_price,total_volume,trade_time_in_long,quote_time_in_long,net_change,volatility,delta,gamma,theta,vega,rho,open_interest,time_value,theoretical_option_value,theoretical_volatility,strike_price,expiration_date,days_to_expiration,expiration_type,last_trading_day,multiplier,settlement_type,deliverable_note,percent_change,mark_change,mark_percent_change,intrinsic_value,extrinsic_value,option_root,exercise_type,high_52_week,low_52_week,penny_pilot,non_standard,in_the_money,mini
PUT,AAPL  250530P00197500,AAPL 05/30/2025 197.50 P,OPR,0.0,0.01,0.01,0.01,0,8,0X8,1,1.22,0.01,0,0.54,52063,1748635155529,1748635199493,-0.53,47.551,-0.01,0.019,-0.005,0.001,0.0,7390,0.01,0.005,29,197.5,2025-05-30T20:00:00.000+00:00,0,W,1748649600000,100,P,100 AAPL,-99.07,-0.53,-99.07,-3.35,3.36,AAPL,A,6.0,0.01,true,false,false,false
PUT,AAPL  250530P00200000,AAPL 05/30/2025 200.00 P,OPR,0.0,0.02,0.01,0.01,0,2,0X2,1,3.2,0.01,0,1.38,20778,1748635198159,1748635199834,-1.37,16.278,-0.049,0.207,-0.01,0.003,0.0,11589,0.01,0.01,29,200.0,2025-05-30T20:00:00.000+00:00,0,W,1748649600000,100,P,100 AAPL,-99.28,-1.37,-99.28,-0.85,0.86,AAPL,A,22.6,0.01,true,false,false,false
PUT,AAPL  250530P00202500,AAPL 05/30/2025 202.50 P,OPR,1.51,2.5,1.83,2.01,15,5,15X5,2,5.7,0.61,0,2.97,3262,1748635198014,1748635199972,-1.14,31.516,-0.96,0.089,-0.053,0.003,0.0,3126,0.18,1.703,29,202.5,2025-05-30T20:00:00.000+00:00,0,W,1748649600000,100,P,100 AAPL,-38.44,-0.96,-32.4,1.65,0.18,AAPL,A,9.73,0.61,true,false,true,false
PUT,AAPL  250530P00205000,AAPL 05/30/2025 205.00 P,OPR,3.3,5.05,3.55,4.18,111,10,111X10,2,8.1,3.08,0,5.15,1885,1748635139075,1748635199995,-1.6,57.289,-0.991,0.013,-0.042,0.001,0.0,5942,-0.6,4.192,29,205.0,2025-05-30T20:00:00.000+00:00,0,W,1748649600000,100,P,100 AAPL,-31.04,-0.98,-19.01,4.15,-0.6,AAPL,A,22.9,1.59,true,false,true,false
PUT,AAPL  250530P00207500,AAPL 05/30/2025 207.50 P,OPR,5.95,7.9,5.7,6.93,102,102,102X102,1,10.25,5.7,0,7.59,256,1748635037267,1748635199508,-1.89,86.063,-0.994,0.006,-0.042,0.001,0.0,404,-0.95,6.692,29,207.5,2025-05-30T20:00:00.000+00:00,0,W,1748649600000,100,P,100 AAPL,-24.91,-0.66,-8.74,6.65,-0.95,AAPL,A,14.0,2.21,true,false,true,false
PUT,AAPL  250606P00197500,AAPL 06/06/2025 197.50 P,OPR,1.86,1.92,1.86,1.89,6,9,6X9,1,3.7,1.48,0,2.38,11001,1748635198969,1748635199932,-0.51,29.869,-0.335,0.044,-0.221,0.102,-0.013,2158,1.86,1.89,29,197.5,2025-06-06T20:00:00.000+00:00,7,W,1749254400000,100,P,100 AAPL,-21.47,-0.48,-20.42,-3.35,5.21,AAPL,A,7.06,1.27,true,false,false,false
PUT,AAPL  250606P00200000,AAPL 06/06/2025 200.00 P,OPR,2.77,2.85,2.8,2.81,6,8,6X8,1,5.1,2.24,0,3.4,11937,1748635198573,1748635199900,-0.6,28.972,-0.449,0.049,-0.234,0.111,-0.018,5942,2.8,2.81,29,200.0,2025-06-06T20:00:00.000+00:00,7,W,1749254400000,100,P,100 AAPL,-17.65,-0.59,-17.35,-0.85,3.65,AAPL,A,11.0,1.41,true,false,false,false
PUT,AAPL  250606P00202500,AAPL 06/06/2025 202.50 P,OPR,3.95,4.1,3.85,4.03,14,8,14X8,1,6.78,3.3,0,4.73,1513,1748635177499,1748635200726,-0.88,28.046,-0.574,0.05,-0.223,0.11,-0.022,1725,2.2,4.025,29,202.5,2025-06-06T20:00:00.000+00:00,7,W,1749254400000,100,P,100 AAPL,-18.6,-0.71,-14.95,1.65,2.2,AAPL,A,10.65,2.34,true,false,true,false
PUT,AAPL  250606P00205000,AAPL 06/06/2025 205.00 P,OPR,5.5,5.7,5.17,5.6,11,7,11X7,6,8.6,4.75,0,6.35,1194,1748635164492,1748635199751,-1.18,27.397,-0.696,0.045,-0.192,0.098,-0.026,5237,1.02,5.583,29,205.0,2025-06-06T20:00:00.000+00:00,7,W,1749254400000,100,P,100 AAPL,-18.59,-0.75,-11.76,4.15,1.02,AAPL,A,14.2,2.4,true,false,true,false
PUT,AAPL  250606P00207500,AAPL 06/06/2025 207.50 P,OPR,7.25,7.7,6.63,7.48,183,103,183X103,1,11.0,6.63,0,8.26,136,1748635105820,1748635199987,-1.63,27.107,-0.799,0.036,-0.149,0.078,-0.027,4364,-0.02,7.46,29,207.5,2025-06-06T20:00:00.000+00:00,7,W,1749254400000,100,P,100 AAPL,-19.72,-0.79,-9.55,6.65,-0.02,AAPL,A,13.12,3.8,true,false,true,false
PUT,AAPL  250613P00197500,AAPL 06/13/2025 197.50 P,OPR,3.45,3.6,3.45,3.53,29,25,29X25,1,5.35,3.05,0,3.98,1754,1748635184708,1748635200718,-0.52,32.598,-0.38,0.03,-0.172,0.15,-0.03,618,3.45,3.525,29,197.5,2025-06-13T20:00:00.000+00:00,14,W,1749859200000,100,P,100 AAPL,-13.08,-0.45,-11.32,-3.35,6.8,AAPL,A,5.55,2.81,true,false,false,false
PUT,AAPL  250613P00200000,AAPL 06/13/2025 200.00 P,OPR,4.45,4.6,4.45,4.53,15,25,15X25,1,6.56,3.95,0,5.0,748,1748635184710,1748635200721,-0.55,31.913,-0.456,0.032,-0.175,0.156,-0.036,2480,4.45,4.525,29,200.0,2025-06-13T20:00:00.000+00:00,14,W,1749859200000,100,P,100 AAPL,-11.0,-0.47,-9.5,-0.85,5.3,AAPL,A,11.35,2.09,true,false,false,false
PUT,AAPL  250613P00202500,AAPL 06/13/2025 202.50 P,OPR,5.65,5.8,5.6,5.73,8,6,8X6,2,7.96,5.05,0,6.27,393,1748635183173,1748635200727,-0.67,31.474,-0.536,0.032,-0.172,0.157,-0.041,214,3.95,5.757,29,202.5,2025-06-13T20:00:00.000+00:00,14,W,1749859200000,100,P,100 AAPL,-10.69,-0.54,-8.62,1.65,3.95,AAPL,A,8.1,4.75,true,false,true,false
PUT,AAPL  250613P00205000,AAPL 06/13/2025 205.00 P,OPR,6.9,7.25,7.05,7.08,34,2,34X2,1,9.73,6.5,0,7.72,147,1748635184707,1748635199966,-0.67,30.982,-0.616,0.031,-0.162,0.15,-0.046,3856,2.9,7.181,29,205.0,2025-06-13T20:00:00.000+00:00,14,W,1749859200000,100,P,100 AAPL,-8.67,-0.65,-8.4,4.15,2.9,AAPL,A,15.0,3.15,true,false,true,false
PUT,AAPL  250613P00207500,AAPL 06/13/2025 207.50 P,OPR,8.35,8.95,8.41,8.65,112,79,112X79,62,11.45,8.0,0,9.43,185,1748635160212,1748635199901,-1.02,30.666,-0.692,0.029,-0.146,0.138,-0.05,112,1.76,8.825,29,207.5,2025-06-13T20:00:00.000+00:00,14,W,1749859200000,100,P,100 AAPL,-10.82,-0.78,-8.23,6.65,1.76,AAPL,A,11.45,7.7,true,false,true,false
PUT,AAPL  250620P00197500,AAPL 06/20/2025 197.50 P,OPR,4.25,4.4,3.75,4.33,1,95,1X95,1,6.1,3.75,0,4.68,785,1748635097336,1748635199992,-0.92,31.396,-0.389,0.025,-0.133,0.185,-0.046,2893,3.75,4.325,29,197.5,2025-06-20T20:00:00.000+00:00,21,S,1750464000000,100,P,100 AAPL,-19.68,-0.35,-7.49,-3.35,7.1,AAPL,A,9.35,2.6,true,false,false,false
PUT,AAPL  250620P00200000,AAPL 06/20/2025 200.00 P,OPR,5.2,5.35,5.24,5.28,15,3,15X3,1,7.5,4.72,0,5.75,2207,1748635195537,1748635199958,-0.51,30.474,-0.454,0.027,-0.132,0.191,-0.053,43945,5.24,5.275,29,200.0,2025-06-20T20:00:00.000+00:00,21,S,1750464000000,100,P,100 AAPL,-8.87,-0.47,-8.26,-0.85,6.09,AAPL,A,36.34,1.53,true,false,false,false
PUT,AAPL  250620P00202500,AAPL 06/20/2025 202.50 P,OPR,6.4,6.55,5.84,6.48,11,30,11X30,2,8.7,5.84,0,6.99,194,1748635083985,1748635199907,-1.15,30.081,-0.523,0.028,-0.13,0.192,-0.06,2458,4.19,6.49,29,202.5,2025-06-20T20:00:00.000+00:00,21,S,1750464000000,100,P,100 AAPL,-16.45,-0.52,-7.37,1.65,4.19,AAPL,A,12.2,3.9,true,false,true,false
PUT,AAPL  250620P00205000,AAPL 06/20/2025 205.00 P,OPR,7.6,7.95,7.75,7.78,95,10,95X10,1,10.45,7.15,0,8.4,1147,1748635184593,1748635200182,-0.65,29.355,-0.593,0.028,-0.122,0.187,-0.066,16271,3.6,7.815,29,205.0,2025-06-20T20:00:00.000+00:00,21,S,1750464000000,100,P,100 AAPL,-7.74,-0.63,-7.44,4.15,3.6,AAPL,A,37.21,1.92,true,false,true,false
PUT,AAPL  250620P00207500,AAPL 06/20/2025 207.50 P,OPR,9.35,9.75,8.65,9.55,20,118,20X118,2,12.12,8.65,0,10.01,28,1748635100766,1748635199971,-1.36,29.196,-0.661,0.027,-0.113,0.176,-0.071,850,2.0,9.417,29,207.5,2025-06-20T20:00:00.000+00:00,21,S,1750464000000,100,P,100 AAPL,-13.59,-0.46,-4.59,6.65,2.0,AAPL,A,14.6,5.42,true,false,true,false
PUT,AAPL  250627P00195000,AAPL 06/27/2025 195.00 P,OPR,4.05,4.2,3.92,4.13,33,36,33X36,1,5.76,3.7,0,4.53,1396,1748635159026,1748635200710,-0.61,31.225,-0.34,0.021,-0.108,0.204,-0.054,2272,3.92,4.125,29,195.0,2025-06-27T20:00:00.000+00:00,28,W,1751068800000,100,P,100 AAPL,-13.48,-0.4,-8.84,-5.85,9.77,AAPL,A,9.2,2.13,true,false,false,false
PUT,AAPL  250627P00200000,AAPL 06/27/2025 200.00 P,OPR,5.95,6.1,5.7,6.03,8,22,8X22,5,8.09,5.41,0,6.48,291,1748635161013,1748635199971,-0.77,30.117,-0.453,0.024,-0.111,0.22,-0.07,2528,5.7,6.025,29,200.0,2025-06-27T20:00:00.000+00:00,28,W,1751068800000,100,P,100 AAPL,-11.89,-0.45,-6.95,-0.85,6.55,AAPL,A,11.55,2.98,true,false,false,false
PUT,AAPL  250627P00205000,AAPL 06/27/2025 205.00 P,OPR,8.45,8.6,8.85,8.52,4,5,4X5,4,11.05,8.71,0,9.07,46,1748634465779,1748635199792,-0.22,29.189,-0.575,0.025,-0.104,0.218,-0.086,687,4.7,8.544,29,205.0,2025-06-27T20:00:00.000+00:00,28,W,1751068800000,100,P,100 AAPL,-2.43,-0.55,-6.02,4.15,4.7,AAPL,A,14.64,4.15,true,false,true,false
PUT,AAPL  250627P00210000,AAPL 06/27/2025 210.00 P,OPR,11.6,12.15,14.53,11.88,10,139,10X139,1,14.53,12.75,0,12.35,26,1748623713727,1748635199993,2.18,28.49,-0.695,0.023,-0.088,0.195,-0.096,817,5.38,11.716,29,210.0,2025-06-27T20:00:00.000+00:00,28,W,1751068800000,100,P,100 AAPL,17.65,-0.48,-3.85,9.15,5.38,AAPL,A,18.13,5.85,true,false,true,false
PUT,AAPL  250627P00215000,AAPL 06/27/2025 215.00 P,OPR,15.2,15.9,15.09,15.55,85,149,85X149,2,18.52,14.55,0,16.18,98,1748635168039,1748635199922,-1.09,28.034,-0.799,0.019,-0.066,0.155,-0.097,147,0.94,15.492,29,215.0,2025-06-27T20:00:00.000+00:00,28,W,1751068800000,100,P,100 AAPL,-6.73,-0.63,-3.92,14.15,0.94,AAPL,A,20.37,7.95,true,false,true,false
PUT,AAPL  250703P00195000,AAPL 07/03/2025 195.00 P,OPR,4.5,4.7,4.21,4.6,29,10,29X10,1,6.23,4.21,0,4.9,532,1748635027131,1748635200719,-0.69,30.573,-0.348,0.02,-0.096,0.227,-0.067,290,4.21,4.6,29,195.0,2025-07-03T20:00:00.000+00:00,34,W,1751587200000,100,P,100 AAPL,-14.08,-0.3,-6.12,-5.85,10.06,AAPL,A,8.3,3.9,true,false,false,false
PUT,AAPL  250703P00200000,AAPL 07/03/2025 200.00 P,OPR,6.4,6.8,6.5,6.6,2,61,2X61,1,8.5,6.5,0,7.0,202,1748634691163,1748635199976,-0.5,29.858,-0.452,0.022,-0.099,0.243,-0.085,297,6.5,6.6,29,200.0,2025-07-03T20:00:00.000+00:00,34,W,1751587200000,100,P,100 AAPL,-7.14,-0.4,-5.71,-0.85,7.35,AAPL,A,10.75,5.79,true,false,false,false
PUT,AAPL  250703P00205000,AAPL 07/03/2025 205.00 P,OPR,8.75,9.1,9.25,8.93,19,10,19X10,1,11.3,9.25,0,9.21,13,1748633133829,1748635199967,0.04,28.55,-0.566,0.023,-0.092,0.241,-0.102,31,5.1,8.994,29,205.0,2025-07-03T20:00:00.000+00:00,34,W,1751587200000,100,P,100 AAPL,0.43,-0.28,-3.05,4.15,5.1,AAPL,A,13.52,7.88,true,false,true,false
PUT,AAPL  250703P00210000,AAPL 07/03/2025 210.00 P,OPR,10.8,13.2,12.58,12.0,8,100,8X100,1,14.84,12.55,0,12.4,4,1748633034171,1748635199768,0.18,27.75,-0.679,0.022,-0.079,0.219,-0.115,30,3.43,12.076,29,210.0,2025-07-03T20:00:00.000+00:00,34,W,1751587200000,100,P,100 AAPL,1.45,-0.4,-3.23,9.15,3.43,AAPL,A,16.43,10.75,true,false,true,false
PUT,AAPL  250703P00215000,AAPL 07/03/2025 215.00 P,OPR,15.25,16.5,16.68,15.88,150,150,150X150,1,18.8,16.38,0,16.2,13,1748634391830,1748635199562,0.48,27.612,-0.777,0.019,-0.063,0.182,-0.118,14,2.53,15.823,29,215.0,2025-07-03T20:00:00.000+00:00,34,W,1751587200000,100,P,100 AAPL,2.96,-0.33,-2.03,14.15,2.53,AAPL,A,20.37,15.7,true,false,true,false
PUT,AAPL  250711P00195000,AAPL 07/11/2025 195.00 P,OPR,5.15,5.4,5.15,5.28,5,6,5X6,20,6.96,5.15,0,5.68,58,1748634900151,1748635199809,-0.53,31.252,-0.349,0.018,-0.083,0.252,-0.081,24,5.15,5.275,29,195.0,2025-07-11T20:00:00.000+00:00,42,W,1752278400000,100,P,100 AAPL,-9.34,-0.4,-7.06,-5.85,11.0,AAPL,A,6.96,5.15,true,false,false,false
PUT,AAPL  250711P00200000,AAPL 07/11/2025 200.00 P,OPR,6.05,7.35,7.15,6.7,146,20,146X20,1,9.27,7.15,0,7.25,23,1748634776218,1748635199932,-0.1,28.477,-0.441,0.021,-0.078,0.269,-0.099,6,7.15,6.7,29,200.0,2025-07-11T20:00:00.000+00:00,42,W,1752278400000,100,P,100 AAPL,-1.38,-0.55,-7.62,-0.85,8.0,AAPL,A,9.27,6.6,true,false,false,false
PUT,AAPL  250711P00205000,AAPL 07/11/2025 205.00 P,OPR,8.45,11.3,9.15,9.88,100,1,100X1,1,11.2,9.15,0,10.16,4,1748635134927,1748635199842,-1.01,27.917,-0.549,0.022,-0.074,0.269,-0.116,3,5.0,9.196,29,205.0,2025-07-11T20:00:00.000+00:00,42,W,1752278400000,100,P,100 AAPL,-9.94,-0.29,-2.83,4.15,5.0,AAPL,A,11.2,9.15,true,false,true,false
PUT,AAPL  250711P00210000,AAPL 07/11/2025 210.00 P,OPR,11.45,13.75,13.1,12.6,101,107,101X107,1,14.15,13.1,0,13.1,44,1748632673362,1748635199612,0.0,29.05,-0.646,0.02,-0.07,0.253,-0.128,1,3.95,12.649,29,210.0,2025-07-11T20:00:00.000+00:00,42,W,1752278400000,100,P,100 AAPL,0.0,-0.5,-3.82,9.15,3.95,AAPL,A,14.15,13.1,true,false,true,false
PUT,AAPL  250711P00215000,AAPL 07/11/2025 215.00 P,OPR,15.1,17.0,16.75,16.05,125,122,125X122,1,16.75,16.75,0,16.89,1,1748617568359,1748635199159,-0.14,26.348,-0.767,0.02,-0.047,0.206,-0.125,1,2.6,15.687,29,215.0,2025-07-11T20:00:00.000+00:00,42,W,1752278400000,100,P,100 AAPL,-0.83,-0.84,-4.96,14.15,2.6,AAPL,A,17.01,16.75,true,false,true,false
PUT,AAPL  250718P00195000,AAPL 07/18/2025 195.00 P,OPR,5.75,5.85,5.71,5.8,7,43,7X43,1,7.53,5.33,0,6.2,1590,1748635189496,1748635199839,-0.49,30.421,-0.359,0.017,-0.078,0.275,-0.099,10949,5.71,5.8,29,195.0,2025-07-18T20:00:00.000+00:00,49,S,1752883200000,100,P,100 AAPL,-7.9,-0.4,-6.45,-5.85,11.56,AAPL,A,30.95,1.74,true,false,false,false
PUT,AAPL  250718P00200000,AAPL 07/18/2025 200.00 P,OPR,7.65,7.8,7.61,7.73,9,55,9X55,2,9.83,7.12,0,8.18,6610,1748635178069,1748635200726,-0.57,29.397,-0.448,0.019,-0.078,0.291,-0.12,21930,7.61,7.725,29,200.0,2025-07-18T20:00:00.000+00:00,49,S,1752883200000,100,P,100 AAPL,-6.97,-0.45,-5.5,-0.85,8.46,AAPL,A,34.5,2.01,true,false,false,false
PUT,AAPL  250718P00205000,AAPL 07/18/2025 205.00 P,OPR,10.05,10.2,9.75,10.13,5,2,5X2,1,12.35,9.75,0,10.67,1314,1748635142237,1748635200723,-0.92,28.667,-0.543,0.019,-0.075,0.291,-0.141,13839,5.6,10.186,29,205.0,2025-07-18T20:00:00.000+00:00,49,S,1752883200000,100,P,100 AAPL,-8.62,-0.55,-5.12,4.15,5.6,AAPL,A,38.28,2.43,true,false,true,false
PUT,AAPL  250718P00210000,AAPL 07/18/2025 210.00 P,OPR,13.0,13.2,13.45,13.1,5,63,5X63,10,15.9,13.25,0,13.71,2373,1748634304105,1748635199995,-0.26,27.847,-0.641,0.019,-0.066,0.274,-0.156,9205,4.3,13.096,29,210.0,2025-07-18T20:00:00.000+00:00,49,S,1752883200000,100,P,100 AAPL,-1.9,-0.61,-4.44,9.15,4.3,AAPL,A,40.25,3.0,true,false,true,false
PUT,AAPL  250718P00215000,AAPL 07/18/2025 215.00 P,OPR,16.35,16.75,16.71,16.55,30,44,30X44,1,19.7,16.71,0,17.22,79,1748634653638,1748635200726,-0.51,27.21,-0.734,0.018,-0.054,0.24,-0.161,5922,2.56,16.528,29,215.0,2025-07-18T20:00:00.000+00:00,49,S,1752883200000,100,P,100 AAPL,-2.96,-0.67,-3.9,14.15,2.56,AAPL,A,46.94,3.77,true,false,true,false
CALL,AAPL  250530C00197500,AAPL 05/30/2025 197.50 C,OPR,2.86,3.3,3.45,3.08,44,2,44X2,111,4.43,0.52,0,3.01,15649,1748635193091,1748635199970,0.44,47.551,1.0,0.0,0.0,0.0,0.0,3345,0.1,3.35,29,197.5,2025-05-30T20:00:00.000+00:00,0,W,1748649600000,100,P,100 AAPL,14.61,0.07,2.25,3.35,0.1,AAPL,A,17.05,0.52,true,false,true,false
CALL,AAPL  250530C00200000,AAPL 05/30/2025 200.00 C,OPR,0.57,1.0,0.69,0.78,1,106,1X106,1,1.95,0.06,0,1.36,92215,1748635198053,1748635199978,-0.67,16.278,1.0,0.0,0.0,0.0,0.0,15218,-0.16,0.85,29,200.0,2025-05-30T20:00:00.000+00:00,0,W,1748649600000,100,P,100 AAPL,-49.4,-0.57,-42.12,0.85,-0.16,AAPL,A,20.01,0.06,true,false,true,false
CALL,AAPL  250530C00202500,AAPL 05/30/2025 202.50 C,OPR,0.01,0.02,0.01,0.02,1918,168,1918X168,1,0.25,0.01,0,0.44,46583,1748635199867,1748635199867,-0.43,31.516,0.04,0.089,-0.015,0.003,0.0,21787,0.01,0.015,29,202.5,2025-05-30T20:00:00.000+00:00,0,W,1748649600000,100,P,100 AAPL,-97.73,-0.42,-96.59,-1.65,1.66,AAPL,A,12.85,0.01,true,false,false,false
CALL,AAPL  250530C00205000,AAPL 05/30/2025 205.00 C,OPR,0.0,0.01,0.01,0.01,0,90,0X90,1,0.07,0.01,0,0.13,24906,1748635080191,1748635201603,-0.12,57.289,0.009,0.013,-0.005,0.001,0.0,38662,0.01,0.005,29,205.0,2025-05-30T20:00:00.000+00:00,0,W,1748649600000,100,P,100 AAPL,-96.0,-0.12,-96.0,-4.15,4.16,AAPL,A,16.09,0.01,true,false,false,false
CALL,AAPL  250530C00207500,AAPL 05/30/2025 207.50 C,OPR,0.0,0.01,0.01,0.01,0,1787,0X1787,7,0.04,0.01,0,0.06,8871,1748635194409,1748635199020,-0.04,86.063,0.006,0.006,-0.005,0.001,0.0,17127,0.01,0.005,29,207.5,2025-05-30T20:00:00.000+00:00,0,W,1748649600000,100,P,100 AAPL,-72.73,-0.05,-90.91,-6.65,6.66,AAPL,A,9.05,0.01,true,false,false,false
CALL,AAPL  250606C00197500,AAPL 06/06/2025 197.50 C,OPR,5.15,5.35,5.35,5.25,79,10,79X10,2,6.09,3.17,0,5.04,5522,1748635195040,1748635200726,0.31,29.869,0.665,0.044,-0.222,0.102,0.025,1751,2.0,5.252,29,197.5,2025-06-06T20:00:00.000+00:00,7,W,1749254400000,100,P,100 AAPL,6.16,0.21,4.26,3.35,2.0,AAPL,A,13.5,3.17,true,false,true,false
CALL,AAPL  250606C00200000,AAPL 06/06/2025 200.00 C,OPR,3.6,3.75,3.79,3.68,60,41,60X41,3,4.35,2.05,0,3.56,22811,1748635193385,1748635200718,0.23,28.972,0.55,0.049,-0.235,0.111,0.021,14622,2.94,3.673,29,200.0,2025-06-06T20:00:00.000+00:00,7,W,1749254400000,100,P,100 AAPL,6.46,0.12,3.29,0.85,2.94,AAPL,A,18.65,2.05,true,false,true,false
CALL,AAPL  250606C00202500,AAPL 06/06/2025 202.50 C,OPR,2.36,2.42,2.4,2.39,1,5,1X5,1,2.93,1.27,0,2.38,22187,1748635199185,1748635199965,0.02,28.046,0.425,0.05,-0.225,0.11,0.016,5697,2.4,2.39,29,202.5,2025-06-06T20:00:00.000+00:00,7,W,1749254400000,100,P,100 AAPL,0.84,0.0,0.21,-1.65,4.05,AAPL,A,9.3,1.27,true,false,false,false
CALL,AAPL  250606C00205000,AAPL 06/06/2025 205.00 C,OPR,1.42,1.48,1.45,1.45,50,7,50X7,1,1.83,0.74,0,1.49,27951,1748635198053,1748635199997,-0.04,27.397,0.303,0.046,-0.194,0.098,0.012,11657,1.45,1.45,29,205.0,2025-06-06T20:00:00.000+00:00,7,W,1749254400000,100,P,100 AAPL,-2.68,-0.04,-2.68,-4.15,5.6,AAPL,A,14.57,0.74,true,false,false,false
CALL,AAPL  250606C00207500,AAPL 06/06/2025 207.50 C,OPR,0.81,0.85,0.83,0.83,20,13,20X13,1,1.07,0.42,0,0.9,16135,1748635199935,1748635199938,-0.07,27.107,0.2,0.037,-0.151,0.078,0.008,6780,0.83,0.83,29,207.5,2025-06-06T20:00:00.000+00:00,7,W,1749254400000,100,P,100 AAPL,-7.82,-0.06,-7.26,-6.65,7.48,AAPL,A,6.25,0.42,true,false,false,false
CALL,AAPL  250613C00197500,AAPL 06/13/2025 197.50 C,OPR,6.9,7.15,7.05,7.03,8,6,8X6,2,7.79,5.15,0,6.82,769,1748635197431,1748635200724,0.23,32.598,0.62,0.03,-0.182,0.15,0.045,203,3.7,7.013,29,197.5,2025-06-13T20:00:00.000+00:00,14,W,1749859200000,100,P,100 AAPL,3.37,0.21,3.04,3.35,3.7,AAPL,A,9.13,5.15,true,false,true,false
CALL,AAPL  250613C00200000,AAPL 06/13/2025 200.00 C,OPR,5.45,5.6,5.65,5.53,59,1,59X1,3,6.22,3.9,0,5.34,2692,1748635192317,1748635199991,0.31,31.913,0.544,0.031,-0.185,0.156,0.04,2981,4.8,5.516,29,200.0,2025-06-13T20:00:00.000+00:00,14,W,1749859200000,100,P,100 AAPL,5.81,0.19,3.46,0.85,4.8,AAPL,A,18.85,3.9,true,false,true,false
CALL,AAPL  250613C00202500,AAPL 06/13/2025 202.50 C,OPR,4.15,4.35,4.27,4.25,151,69,151X69,1,4.85,2.9,0,4.1,1144,1748635198556,1748635199995,0.17,31.474,0.464,0.032,-0.182,0.157,0.034,1054,4.27,4.25,29,202.5,2025-06-13T20:00:00.000+00:00,14,W,1749859200000,100,P,100 AAPL,4.15,0.15,3.66,-1.65,5.92,AAPL,A,6.17,2.9,true,false,false,false
CALL,AAPL  250613C00205000,AAPL 06/13/2025 205.00 C,OPR,3.1,3.25,3.25,3.18,35,32,35X32,1,3.65,2.12,0,3.05,2798,1748635190653,1748635199971,0.2,30.982,0.384,0.031,-0.172,0.151,0.029,3381,3.25,3.175,29,205.0,2025-06-13T20:00:00.000+00:00,14,W,1749859200000,100,P,100 AAPL,6.56,0.13,4.1,-4.15,7.4,AAPL,A,12.8,2.12,true,false,false,false
CALL,AAPL  250613C00207500,AAPL 06/13/2025 207.50 C,OPR,2.28,2.36,2.36,2.32,9,135,9X135,1,2.69,1.52,0,2.24,1878,1748635199116,1748635199843,0.12,30.666,0.309,0.029,-0.156,0.139,0.023,1346,2.36,2.32,29,207.5,2025-06-13T20:00:00.000+00:00,14,W,1749859200000,100,P,100 AAPL,5.36,0.08,3.57,-6.65,9.01,AAPL,A,3.65,1.52,true,false,false,false
CALL,AAPL  250620C00197500,AAPL 06/20/2025 197.50 C,OPR,7.85,8.1,8.5,7.98,17,67,17X67,1,8.7,6.0,0,7.69,517,1748635133717,1748635200725,0.81,31.396,0.611,0.025,-0.148,0.185,0.066,1236,5.15,8.004,29,197.5,2025-06-20T20:00:00.000+00:00,21,S,1750464000000,100,P,100 AAPL,10.53,0.28,3.65,3.35,5.15,AAPL,A,15.0,6.0,true,false,true,false
CALL,AAPL  250620C00200000,AAPL 06/20/2025 200.00 C,OPR,6.4,6.55,6.54,6.48,60,7,60X7,1,7.15,4.8,0,6.27,3464,1748635196510,1748635199972,0.27,30.474,0.546,0.027,-0.148,0.191,0.06,33654,5.69,6.457,29,200.0,2025-06-20T20:00:00.000+00:00,21,S,1750464000000,100,P,100 AAPL,4.31,0.21,3.34,0.85,5.69,AAPL,A,65.75,4.39,true,false,true,false
CALL,AAPL  250620C00202500,AAPL 06/20/2025 202.50 C,OPR,5.1,5.25,5.2,5.18,62,19,62X19,1,5.73,3.79,0,5.0,967,1748635186075,1748635200726,0.2,30.081,0.478,0.027,-0.146,0.192,0.052,2173,5.2,5.175,29,202.5,2025-06-20T20:00:00.000+00:00,21,S,1750464000000,100,P,100 AAPL,4.0,0.17,3.5,-1.65,6.85,AAPL,A,11.25,3.79,true,false,false,false
CALL,AAPL  250620C00205000,AAPL 06/20/2025 205.00 C,OPR,3.95,4.05,4.06,4.0,30,1,30X1,3,4.51,2.86,0,3.9,5120,1748635196661,1748635200726,0.16,29.355,0.409,0.027,-0.138,0.187,0.045,21926,4.06,4.0,29,205.0,2025-06-20T20:00:00.000+00:00,21,S,1750464000000,100,P,100 AAPL,4.1,0.1,2.56,-4.15,8.21,AAPL,A,60.25,2.86,true,false,false,false
CALL,AAPL  250620C00207500,AAPL 06/20/2025 207.50 C,OPR,3.05,3.15,3.15,3.1,88,88,88X88,1,3.5,2.2,0,3.0,1813,1748635188240,1748635199993,0.15,29.196,0.342,0.026,-0.129,0.177,0.038,1736,3.15,3.1,29,207.5,2025-06-20T20:00:00.000+00:00,21,S,1750464000000,100,P,100 AAPL,5.01,0.1,3.51,-6.65,9.8,AAPL,A,8.2,2.2,true,false,false,false
CALL,AAPL  250627C00195000,AAPL 06/27/2025 195.00 C,OPR,10.4,10.6,11.15,10.5,17,22,17X22,1,11.15,8.5,0,10.23,130,1748635103488,1748635200723,0.92,31.225,0.66,0.021,-0.125,0.204,0.094,739,5.3,10.442,29,195.0,2025-06-27T20:00:00.000+00:00,28,W,1751068800000,100,P,100 AAPL,9.0,0.27,2.68,5.85,5.3,AAPL,A,21.9,8.5,true,false,true,false
CALL,AAPL  250627C00200000,AAPL 06/27/2025 200.00 C,OPR,7.3,7.45,7.39,7.38,7,15,7X15,1,8.01,5.75,0,7.17,1625,1748635199959,1748635199960,0.22,30.117,0.548,0.024,-0.128,0.22,0.079,3372,6.54,7.352,29,200.0,2025-06-27T20:00:00.000+00:00,28,W,1751068800000,100,P,100 AAPL,3.07,0.2,2.84,0.85,6.54,AAPL,A,17.5,5.75,true,false,true,false
CALL,AAPL  250627C00205000,AAPL 06/27/2025 205.00 C,OPR,4.8,4.95,4.93,4.88,16,18,16X18,4,5.39,3.65,0,4.75,1829,1748635195174,1748635199906,0.18,29.189,0.427,0.024,-0.121,0.218,0.062,11721,4.93,4.875,29,205.0,2025-06-27T20:00:00.000+00:00,28,W,1751068800000,100,P,100 AAPL,3.79,0.13,2.63,-4.15,9.08,AAPL,A,14.06,3.65,true,false,false,false
CALL,AAPL  250627C00210000,AAPL 06/27/2025 210.00 C,OPR,2.98,3.1,3.05,3.04,9,917,9X917,1,3.37,2.25,0,3.0,1279,1748635196034,1748635199975,0.05,28.49,0.311,0.022,-0.105,0.197,0.046,2292,3.05,3.039,29,210.0,2025-06-27T20:00:00.000+00:00,28,W,1751068800000,100,P,100 AAPL,1.67,0.04,1.5,-9.15,12.2,AAPL,A,10.85,2.25,true,false,false,false
CALL,AAPL  250627C00215000,AAPL 06/27/2025 215.00 C,OPR,1.76,1.82,1.83,1.79,33,3,33X3,5,2.03,1.28,0,1.77,991,1748635194455,1748635199970,0.06,28.034,0.21,0.018,-0.084,0.161,0.031,6795,1.83,1.79,29,215.0,2025-06-27T20:00:00.000+00:00,28,W,1751068800000,100,P,100 AAPL,3.39,0.02,1.13,-14.15,15.98,AAPL,A,7.89,1.28,true,false,false,false
CALL,AAPL  250703C00195000,AAPL 07/03/2025 195.00 C,OPR,11.05,11.25,11.8,11.15,3,16,3X16,1,11.8,9.0,0,11.13,590,1748635103475,1748635199974,0.67,30.573,0.652,0.02,-0.112,0.226,0.112,1548,5.95,10.987,29,195.0,2025-07-03T20:00:00.000+00:00,34,W,1751587200000,100,P,100 AAPL,6.02,0.02,0.21,5.85,5.95,AAPL,A,13.2,9.0,true,false,true,false
CALL,AAPL  250703C00200000,AAPL 07/03/2025 200.00 C,OPR,7.8,8.25,8.52,8.03,28,58,28X58,2,8.64,6.4,0,8.21,1164,1748635133563,1748635199901,0.31,29.858,0.548,0.022,-0.115,0.243,0.095,684,7.67,8.0,29,200.0,2025-07-03T20:00:00.000+00:00,34,W,1751587200000,100,P,100 AAPL,3.78,-0.18,-2.25,0.85,7.67,AAPL,A,10.3,5.55,true,false,true,false
CALL,AAPL  250703C00205000,AAPL 07/03/2025 205.00 C,OPR,5.2,5.6,5.75,5.4,72,11,72X11,1,5.98,4.3,0,5.38,972,1748635168156,1748635199992,0.38,28.55,0.437,0.022,-0.108,0.241,0.077,706,5.75,5.4,29,205.0,2025-07-03T20:00:00.000+00:00,34,W,1751587200000,100,P,100 AAPL,7.07,0.03,0.47,-4.15,9.9,AAPL,A,7.8,4.3,true,false,false,false
CALL,AAPL  250703C00210000,AAPL 07/03/2025 210.00 C,OPR,3.3,3.65,3.65,3.47,96,6,96X6,7,3.92,2.68,0,3.5,1150,1748635145666,1748635199869,0.15,27.75,0.326,0.021,-0.095,0.221,0.058,549,3.65,3.475,29,210.0,2025-07-03T20:00:00.000+00:00,34,W,1751587200000,100,P,100 AAPL,4.29,-0.03,-0.71,-9.15,12.8,AAPL,A,5.3,2.68,true,false,false,false
CALL,AAPL  250703C00215000,AAPL 07/03/2025 215.00 C,OPR,1.96,2.44,2.4,2.2,74,81,74X81,1,2.45,1.67,0,2.19,383,1748635119598,1748635199901,0.21,27.612,0.232,0.018,-0.08,0.187,0.041,406,2.4,2.2,29,215.0,2025-07-03T20:00:00.000+00:00,34,W,1751587200000,100,P,100 AAPL,9.57,0.01,0.23,-14.15,16.55,AAPL,A,3.9,1.67,true,false,false,false
CALL,AAPL  250711C00195000,AAPL 07/11/2025 195.00 C,OPR,10.9,12.1,11.7,11.5,107,7,107X7,1,11.7,9.95,0,11.84,62,1748634582065,1748635199996,-0.14,31.252,0.655,0.017,-0.114,0.252,0.137,16,5.85,12.434,29,195.0,2025-07-11T20:00:00.000+00:00,42,W,1752278400000,100,P,100 AAPL,-1.18,-0.34,-2.87,5.85,5.85,AAPL,A,12.65,9.95,true,false,true,false
CALL,AAPL  250711C00200000,AAPL 07/11/2025 200.00 C,OPR,8.8,9.05,9.05,8.93,1,3,1X3,2,9.05,7.4,0,8.41,139,1748634905193,1748635199846,0.64,28.477,0.565,0.02,-0.109,0.269,0.121,33,8.2,8.865,29,200.0,2025-07-11T20:00:00.000+00:00,42,W,1752278400000,100,P,100 AAPL,7.61,0.52,6.14,0.85,8.2,AAPL,A,10.5,7.4,true,false,true,false
CALL,AAPL  250711C00205000,AAPL 07/11/2025 205.00 C,OPR,5.25,7.45,6.77,6.35,119,130,119X130,1,6.77,5.05,0,6.3,37,1748634980143,1748635201603,0.47,27.917,0.462,0.021,-0.105,0.271,0.1,46,6.77,6.35,29,205.0,2025-07-11T20:00:00.000+00:00,42,W,1752278400000,100,P,100 AAPL,7.47,0.05,0.86,-4.15,10.92,AAPL,A,7.75,5.05,true,false,false,false
CALL,AAPL  250711C00210000,AAPL 07/11/2025 210.00 C,OPR,4.15,5.4,4.35,4.78,1,119,1X119,1,4.35,3.35,0,4.18,63,1748635151301,1748635199971,0.17,29.05,0.37,0.019,-0.101,0.258,0.08,12,4.35,4.775,29,210.0,2025-07-11T20:00:00.000+00:00,42,W,1752278400000,100,P,100 AAPL,4.06,0.59,14.14,-9.15,13.5,AAPL,A,4.92,3.35,true,false,false,false
CALL,AAPL  250711C00215000,AAPL 07/11/2025 215.00 C,OPR,2.56,2.87,2.91,2.72,12,5,12X5,350,2.95,2.19,0,2.91,3225,1748635169330,1748635199970,0.01,26.348,0.261,0.018,-0.078,0.222,0.057,29,2.91,2.715,29,215.0,2025-07-11T20:00:00.000+00:00,42,W,1752278400000,100,P,100 AAPL,0.34,-0.19,-6.54,-14.15,17.06,AAPL,A,3.4,2.19,true,false,false,false
CALL,AAPL  250718C00195000,AAPL 07/18/2025 195.00 C,OPR,12.55,12.75,12.8,12.65,43,2,43X2,1,13.4,10.7,0,12.4,581,1748635186174,1748635199845,0.4,30.421,0.642,0.017,-0.097,0.275,0.156,3243,6.95,12.593,29,195.0,2025-07-18T20:00:00.000+00:00,49,S,1752883200000,100,P,100 AAPL,3.23,0.25,2.02,5.85,6.95,AAPL,A,70.62,7.25,true,false,true,false
CALL,AAPL  250718C00200000,AAPL 07/18/2025 200.00 C,OPR,9.45,9.7,9.7,9.57,21,36,21X36,1,10.23,7.95,0,9.37,6170,1748635186142,1748635200725,0.33,29.397,0.555,0.018,-0.098,0.291,0.137,6559,8.85,9.534,29,200.0,2025-07-18T20:00:00.000+00:00,49,S,1752883200000,100,P,100 AAPL,3.52,0.2,2.17,0.85,8.85,AAPL,A,66.46,5.7,true,false,true,false
CALL,AAPL  250718C00205000,AAPL 07/18/2025 205.00 C,OPR,6.95,7.05,7.0,7.0,1,17,1X17,44,7.5,5.6,0,6.85,2606,1748635197428,1748635199880,0.15,28.667,0.462,0.019,-0.094,0.292,0.115,9024,7.0,7.0,29,205.0,2025-07-18T20:00:00.000+00:00,49,S,1752883200000,100,P,100 AAPL,2.19,0.15,2.19,-4.15,11.15,AAPL,A,61.32,4.6,true,false,false,false
CALL,AAPL  250718C00210000,AAPL 07/18/2025 210.00 C,OPR,4.85,4.95,5.0,4.9,12,61,12X61,4,5.29,3.9,0,4.85,2337,1748635177415,1748635199968,0.15,27.847,0.368,0.018,-0.086,0.277,0.093,14721,5.0,4.9,29,210.0,2025-07-18T20:00:00.000+00:00,49,S,1752883200000,100,P,100 AAPL,3.09,0.05,1.03,-9.15,14.15,AAPL,A,57.5,3.58,true,false,false,false
CALL,AAPL  250718C00215000,AAPL 07/18/2025 215.00 C,OPR,3.25,3.35,3.35,3.3,19,999,19X999,5,3.6,2.55,0,3.3,14849,1748635199312,1748635199968,0.05,27.21,0.28,0.017,-0.074,0.248,0.071,25496,3.35,3.299,29,215.0,2025-07-18T20:00:00.000+00:00,49,S,1752883200000,100,P,100 AAPL,1.52,0.0,0.0,-14.15,17.5,AAPL,A,53.6,2.55,true,false,false,false
